,Store,Algorithm,Prediction,Actual
123,1,Linear Regression,1641718.5005279158,1437059.26
105,1,Linear Regression,1569743.1985151602,1555444.55
56,1,Linear Regression,1518326.0354977301,1466046.67
57,1,Linear Regression,1672531.0474667284,1629391.28
34,1,Linear Regression,1764306.629027046,1367320.01
120,1,Linear Regression,1616463.1178275682,1675431.16
124,1,Linear Regression,1642537.9919506786,1802477.43
36,1,Linear Regression,1563947.6321874042,1488538.09
32,1,Linear Regression,1595844.772544047,1891034.93
52,1,Linear Regression,1525687.7238730737,1455090.69
116,1,Linear Regression,1536403.6723696708,1697230.96
104,1,Linear Regression,1580579.9898449646,1595901.87
5,1,Linear Regression,1463890.4238281122,1432069.95
68,1,Linear Regression,1490532.50244224,1464693.46
103,1,Linear Regression,1760591.930349587,1670785.97
49,1,Linear Regression,1703615.4652522798,1697229.58
47,1,Linear Regression,1546410.1326299245,1606629.58
60,1,Linear Regression,1480980.3886725458,1444732.28
93,1,Linear Regression,1463173.934345495,1539387.83
128,1,Linear Regression,1501365.2428135246,1611096.05
127,1,Linear Regression,1672682.444490305,1493659.74
3,1,Linear Regression,1602442.8964249466,1494251.5
54,1,Linear Regression,1680141.1461398974,1604775.58
118,1,Linear Regression,1555770.9897483918,1494122.38
112,1,Linear Regression,1828922.9403654682,1661767.33
115,1,Linear Regression,1424357.003846665,1439123.71
81,1,Linear Regression,1737676.9793528542,1539483.7
45,1,Linear Regression,1569450.6650737931,1576818.06
100,1,Linear Regression,1554307.163750239,1621031.7
55,1,Linear Regression,1624760.3443632373,1428218.27
84,1,Linear Regression,1484096.2035166319,1881176.67
18,1,Linear Regression,1530986.9281286956,1546074.18
89,1,Linear Regression,1607684.4814052412,1394393.84
209,2,Linear Regression,1696073.7802121965,1844094.59
247,2,Linear Regression,1799264.4781903024,1912791.09
162,2,Linear Regression,1821700.417214628,1724557.22
136,2,Linear Regression,2042771.0934309596,1946070.88
256,2,Linear Regression,1820942.1767562027,1819666.46
176,2,Linear Regression,2729540.9768869737,1750434.55
145,2,Linear Regression,1866006.4827831606,1880752.36
175,2,Linear Regression,2295643.5909070177,3436007.68
204,2,Linear Regression,1691616.480148599,1785187.29
220,2,Linear Regression,1955998.209430447,2168041.61
261,2,Linear Regression,1792996.4806417313,1947083.3
184,2,Linear Regression,1730340.7492601557,2080884.82
216,2,Linear Regression,1734495.237832317,1929153.16
224,2,Linear Regression,2278376.6505119456,2614202.3
160,2,Linear Regression,1899791.0240445496,1880902.62
147,2,Linear Regression,1730367.0294524226,1957113.89
166,2,Linear Regression,1910106.3579264279,1737947.64
221,2,Linear Regression,1943273.1986961626,1879107.31
214,2,Linear Regression,1787186.302517478,1669299.78
150,2,Linear Regression,1857059.6858438265,1939927.09
171,2,Linear Regression,2643726.4422669825,2137809.5
223,2,Linear Regression,2152719.8252331354,1902762.5
253,2,Linear Regression,1834582.4820477846,1881046.12
229,2,Linear Regression,1837630.5674555993,1910092.37
190,2,Linear Regression,1896514.190648121,1981607.78
173,2,Linear Regression,2209620.170312428,1916812.74
164,2,Linear Regression,2000163.1111203055,2378726.55
230,2,Linear Regression,2263174.814391448,1744725.48
200,2,Linear Regression,1668665.3373954196,1953771.99
228,2,Linear Regression,2904065.4347722232,1874226.52
148,2,Linear Regression,1908324.42669449,1991909.98
159,2,Linear Regression,1937399.3937219032,1954689.21
196,2,Linear Regression,1901469.5530565109,1838513.07
240,2,Linear Regression,1708287.1860165303,1857480.84
246,2,Linear Regression,1896530.780043105,2000940.67
197,2,Linear Regression,1821509.5367570794,1688281.86
351,3,Linear Regression,365118.6542136038,379716.91
389,3,Linear Regression,406582.0876516245,413701.29
304,3,Linear Regression,360577.03130524454,355626.87
278,3,Linear Regression,415444.5675833638,375328.59
398,3,Linear Regression,391004.39250069513,432424.85
318,3,Linear Regression,494539.2570782577,382677.76
287,3,Linear Regression,368888.1058679958,384357.94
317,3,Linear Regression,386606.86967594334,605990.41
346,3,Linear Regression,360055.04490840354,373454.33
362,3,Linear Regression,432547.7959900468,430526.21
403,3,Linear Regression,374974.14065272576,408838.73
326,3,Linear Regression,382618.85450044833,432782.1
358,3,Linear Regression,367997.64725430135,391638.75
366,3,Linear Regression,476368.4989698309,556925.19
302,3,Linear Regression,350253.8339021393,349214.18
289,3,Linear Regression,327379.35766495886,350089.23
308,3,Linear Regression,373044.71732849325,348895.98
363,3,Linear Regression,393958.6711436382,404753.3
356,3,Linear Regression,383545.5183700717,365248.94
292,3,Linear Regression,340740.5009286485,357346.48
313,3,Linear Regression,487930.6578012297,420728.96
365,3,Linear Regression,447635.8316384427,398838.97
395,3,Linear Regression,393085.46963406424,422965.33
371,3,Linear Regression,382853.1352207418,432268.53
332,3,Linear Regression,405316.03135662054,437084.51
315,3,Linear Regression,426118.82536150864,386635.03
306,3,Linear Regression,406286.0396015926,467642.03
372,3,Linear Regression,489817.7659565332,367438.62
342,3,Linear Regression,358430.1214271699,403423.34
370,3,Linear Regression,560224.3678241731,410553.88
290,3,Linear Regression,379278.70068004006,402635.76
301,3,Linear Regression,381536.7836857591,415870.28
338,3,Linear Regression,394000.86797671113,386312.68
382,3,Linear Regression,427199.71293542406,407488.84
388,3,Linear Regression,419425.78422438796,418112.76
339,3,Linear Regression,406433.79050058016,364603.13
493,4,Linear Regression,2004079.698977966,2232892.1
531,4,Linear Regression,2056133.4946979836,2154137.67
446,4,Linear Regression,1935621.3567479642,1810684.68
420,4,Linear Regression,1962075.893402563,1897429.36
540,4,Linear Regression,2104950.874391211,2175563.69
460,4,Linear Regression,2912842.485015403,1794868.74
429,4,Linear Regression,1957902.0634545772,1875597.28
459,4,Linear Regression,2446483.595801902,3526713.39
488,4,Linear Regression,2044508.2721737276,2049046.95
504,4,Linear Regression,2295081.026343894,2187847.29
545,4,Linear Regression,2056106.5779065876,2081181.35
468,4,Linear Regression,1999072.3816183552,2316495.56
500,4,Linear Regression,2010074.7198782784,2073951.38
508,4,Linear Regression,2627448.0558603,3004702.33
444,4,Linear Regression,1871724.1724829762,1812208.22
431,4,Linear Regression,1806420.1268950447,1857533.7
450,4,Linear Regression,1927681.2359971702,1927610.06
505,4,Linear Regression,2121879.1194037367,2039818.41
498,4,Linear Regression,2117010.475564126,2031406.41
434,4,Linear Regression,1744140.5675413364,1846651.95
455,4,Linear Regression,2600597.539070131,2188307.39
507,4,Linear Regression,2503324.04989967,2243946.59
537,4,Linear Regression,2079573.926497106,2128362.92
513,4,Linear Regression,2026779.122123002,2179360.94
474,4,Linear Regression,2080098.781783563,2103455.75
457,4,Linear Regression,2311181.8695534845,1999794.26
448,4,Linear Regression,2137387.955955364,2302504.86
514,4,Linear Regression,2632141.7609549384,1941676.61
484,4,Linear Regression,1940830.2014931382,2141210.62
512,4,Linear Regression,3275289.7437479356,2007105.86
432,4,Linear Regression,1848076.8266058622,1907638.58
443,4,Linear Regression,2031522.6010096802,1818452.72
480,4,Linear Regression,2059210.6500354435,2002362.37
524,4,Linear Regression,1928657.6748906053,2089381.77
530,4,Linear Regression,2141361.405490778,2207214.81
481,4,Linear Regression,1918910.3103037851,2015563.48
635,5,Linear Regression,285786.65969700925,303643.84
673,5,Linear Regression,312764.675529176,341994.48
588,5,Linear Regression,284642.49005913734,293131.58
562,5,Linear Regression,310026.9001953845,281706.41
682,5,Linear Regression,312835.0851802372,321205.12
602,5,Linear Regression,409115.17887498776,298180.18
571,5,Linear Regression,301567.33345268934,296673.77
601,5,Linear Regression,306691.55949917197,466010.25
630,5,Linear Regression,290788.40842347377,283248.62
646,5,Linear Regression,338563.8416009044,311590.54
687,5,Linear Regression,304104.47965190554,344642.01
610,5,Linear Regression,285221.85335454205,356622.61
642,5,Linear Regression,290750.6621432193,304984.14
650,5,Linear Regression,380823.1924768962,507900.07
586,5,Linear Regression,282950.6212959861,291808.87
573,5,Linear Regression,273750.9010357505,310013.11
592,5,Linear Regression,303715.4924660347,284988.27
647,5,Linear Regression,302381.08240965253,293098.1
640,5,Linear Regression,301239.57279755565,291024.98
576,5,Linear Regression,287341.87196068733,295257.3
597,5,Linear Regression,395049.88579864975,311825.7
649,5,Linear Regression,335573.95147621416,307944.37
679,5,Linear Regression,310574.58148315584,329658.1
655,5,Linear Regression,313263.08339490264,359867.8
616,5,Linear Regression,312251.7617290845,329033.66
599,5,Linear Regression,364604.3025786993,301827.36
590,5,Linear Regression,307541.1553491141,352811.53
656,5,Linear Regression,374098.91394725547,291454.52
626,5,Linear Regression,293449.66807916824,304811.82
654,5,Linear Regression,436199.5706241479,349624.88
574,5,Linear Regression,302423.77628086106,303043.02
585,5,Linear Regression,296829.73405419395,328020.49
622,5,Linear Regression,330068.0379651512,290930.01
666,5,Linear Regression,315188.48606281244,331318.73
672,5,Linear Regression,323542.7011666087,336189.66
623,5,Linear Regression,326090.20270194625,299614.33
777,6,Linear Regression,1550876.545158659,1493544.04
815,6,Linear Regression,1407571.0718360592,1603793.42
730,6,Linear Regression,1415918.1073999836,1275591.84
704,6,Linear Regression,1656656.9398077198,1693058.91
824,6,Linear Regression,1519623.352806604,1574361.97
744,6,Linear Regression,2258268.5909274286,1464050.02
713,6,Linear Regression,1438815.2905474976,1524059.4
743,6,Linear Regression,1715426.6128627684,2727575.18
772,6,Linear Regression,1481977.8458309302,1526801.24
788,6,Linear Regression,1516425.7201135394,1486920.17
829,6,Linear Regression,1521716.8871701013,1577439.81
752,6,Linear Regression,1287145.6756917099,1572117.54
784,6,Linear Regression,1420026.055733543,1598643.65
792,6,Linear Regression,1815488.9692060098,2249811.55
728,6,Linear Regression,1590237.9015470883,1690317.99
715,6,Linear Regression,1406864.1005635909,1644470.66
734,6,Linear Regression,1429822.1924508775,1332716.53
789,6,Linear Regression,1286928.2170913515,1494497.39
782,6,Linear Regression,1473990.3762817523,1336044.75
718,6,Linear Regression,1581595.1623093039,1640681.88
739,6,Linear Regression,2138733.488837419,1606283.86
791,6,Linear Regression,1698082.502417518,1524390.07
821,6,Linear Regression,1626779.8571615107,1648863.46
797,6,Linear Regression,1612630.202157752,1681121.38
758,6,Linear Regression,1517249.2057734209,1502617.99
741,6,Linear Regression,1604542.721856458,1495536.46
732,6,Linear Regression,1506810.2989398444,1834737.58
798,6,Linear Regression,1914056.6642528004,1344243.17
768,6,Linear Regression,1334425.6198233475,1622150.33
796,6,Linear Regression,2513268.6981791146,1598080.52
716,6,Linear Regression,1609807.0274991028,1633241.59
727,6,Linear Regression,1533133.5916187079,1667181.82
764,6,Linear Regression,1569881.1863351946,1453185.65
808,6,Linear Regression,1351691.6426397783,1508933.26
814,6,Linear Regression,1516560.8384326445,1513635.64
765,6,Linear Regression,1563705.4125319899,1382783.83
919,7,Linear Regression,603163.784295641,645156.21
957,7,Linear Regression,514090.8380299915,532739.77
872,7,Linear Regression,535342.643851003,488008.83
846,7,Linear Regression,522293.42410985107,574450.23
966,7,Linear Regression,663666.7119880616,686345.69
886,7,Linear Regression,808020.0618627925,729572.08
855,7,Linear Regression,462108.70014839526,372673.61
885,7,Linear Regression,567108.0723616597,1045124.88
914,7,Linear Regression,543053.891903366,642748.21
930,7,Linear Regression,584774.7651203336,559903.13
971,7,Linear Regression,594934.3807864103,586467.16
894,7,Linear Regression,481339.730945456,572387.47
926,7,Linear Regression,511652.363908452,621099.95
934,7,Linear Regression,650158.0821150619,949075.87
870,7,Linear Regression,588620.5843456467,593462.34
857,7,Linear Regression,430134.4502050717,442734.55
876,7,Linear Regression,591163.9737469768,472450.81
931,7,Linear Regression,506376.39142587094,558963.83
924,7,Linear Regression,607265.256520062,536144.81
860,7,Linear Regression,526286.5373719474,553714.87
881,7,Linear Regression,625147.0490589374,524104.92
933,7,Linear Regression,585258.1761308585,539826.56
963,7,Linear Regression,695940.914738525,704335.41
939,7,Linear Regression,656658.8440041002,598495.02
900,7,Linear Regression,575727.6866577289,551378.39
883,7,Linear Regression,627202.1301341273,507584.29
874,7,Linear Regression,609411.8277876392,599730.07
940,7,Linear Regression,796150.8674740023,593875.46
910,7,Linear Regression,370198.304519478,610991.35
938,7,Linear Regression,879692.2148804168,815915.52
858,7,Linear Regression,528854.9519992418,643854.17
869,7,Linear Regression,500091.62995724886,484263.25
906,7,Linear Regression,464408.8221277961,414094.05
950,7,Linear Regression,651856.436885771,583322.2
956,7,Linear Regression,532208.2808281463,468428.3
907,7,Linear Regression,441448.37617925054,424670.98
1061,8,Linear Regression,826627.043820346,895066.5
1099,8,Linear Regression,838444.9256207364,895157.44
1014,8,Linear Regression,861874.7650269697,773725.08
988,8,Linear Regression,931704.6199199226,839911.0
1108,8,Linear Regression,860563.6783667746,888834.07
1028,8,Linear Regression,1163144.9347195334,773586.49
997,8,Linear Regression,916951.167021592,873337.84
1027,8,Linear Regression,1029089.3532123865,1511641.09
1056,8,Linear Regression,835852.7684136599,849925.37
1072,8,Linear Regression,952466.1756757031,996147.39
1113,8,Linear Regression,865144.9180966441,976137.73
1036,8,Linear Regression,879155.0143639493,1065108.64
1068,8,Linear Regression,848563.9727373587,897309.41
1076,8,Linear Regression,1068898.4760910098,1235163.86
1012,8,Linear Regression,861533.1355541894,845289.77
999,8,Linear Regression,774602.3616682938,868041.56
1018,8,Linear Regression,871415.5065623126,836419.14
1073,8,Linear Regression,926812.7288355157,900387.29
1066,8,Linear Regression,880007.7301543911,806444.29
1002,8,Linear Regression,798772.6990475026,814919.11
1023,8,Linear Regression,1193021.769680235,994801.4
1075,8,Linear Regression,1040661.6494254072,897032.19
1105,8,Linear Regression,818945.211157475,878298.22
1081,8,Linear Regression,833309.6815955007,921161.2
1042,8,Linear Regression,907845.0534470895,935266.43
1025,8,Linear Regression,1018635.5604645676,911538.98
1016,8,Linear Regression,939913.4792313293,1069061.63
1082,8,Linear Regression,1064168.4755051082,817661.76
1052,8,Linear Regression,832637.3622569293,922048.41
1080,8,Linear Regression,1276589.5517154534,858572.22
1000,8,Linear Regression,870386.115342949,893399.77
1011,8,Linear Regression,902017.1719333067,916033.92
1048,8,Linear Regression,924430.2530640647,895763.41
1092,8,Linear Regression,851399.1569466908,905935.29
1098,8,Linear Regression,907032.9394931726,913922.01
1049,8,Linear Regression,887342.8007251527,836049.89
1203,9,Linear Regression,495656.8628555911,540819.44
1241,9,Linear Regression,517762.16817600274,547226.0
1156,9,Linear Regression,484906.1755300907,452905.22
1130,9,Linear Regression,537811.8402317016,485744.61
1250,9,Linear Regression,533205.3297695032,513991.57
1170,9,Linear Regression,719941.3991488516,459770.85
1139,9,Linear Regression,506593.54857890995,492792.8
1169,9,Linear Regression,588624.867326232,873347.55
1198,9,Linear Regression,511381.08451650565,512834.04
1214,9,Linear Regression,566924.3035134712,555279.02
1255,9,Linear Regression,537559.3555750739,576879.15
1178,9,Linear Regression,475752.44653116155,610985.56
1210,9,Linear Regression,500628.3956152912,550076.32
1218,9,Linear Regression,671702.6627194852,814753.5
1154,9,Linear Regression,486418.95776725694,485389.15
1141,9,Linear Regression,460794.189027317,558143.53
1160,9,Linear Regression,501443.22601044225,466322.76
1215,9,Linear Regression,537298.4812291098,517783.5
1208,9,Linear Regression,533363.914638532,506743.78
1144,9,Linear Regression,483349.49046645453,509263.28
1165,9,Linear Regression,701166.0961165887,552677.48
1217,9,Linear Regression,643018.544233096,542414.27
1247,9,Linear Regression,521365.4015455785,544770.7
1223,9,Linear Regression,542791.7317785872,583648.59
1184,9,Linear Regression,519979.05237292737,542016.18
1167,9,Linear Regression,610785.7472727695,520846.68
1158,9,Linear Regression,538173.6884164147,618121.82
1224,9,Linear Regression,676022.3752606652,474964.6
1194,9,Linear Regression,492385.31865124457,558671.14
1222,9,Linear Regression,831123.0026786728,549788.36
1142,9,Linear Regression,509289.5645019363,522815.45
1153,9,Linear Regression,503228.69320607564,529384.31
1190,9,Linear Regression,559929.6344630257,539126.0
1234,9,Linear Regression,522802.1604309105,574985.37
1240,9,Linear Regression,561826.5737935295,571463.93
1191,9,Linear Regression,556216.4739822967,518266.9
1345,10,Linear Regression,1721025.383314515,1954849.68
1383,10,Linear Regression,1602229.1847379291,1830939.1
1298,10,Linear Regression,1772165.4256862297,1655036.75
1272,10,Linear Regression,2105614.3900682647,1946875.06
1392,10,Linear Regression,1725740.2395915159,1869967.03
1312,10,Linear Regression,3025231.5753022158,1707298.14
1281,10,Linear Regression,1878069.4444243656,1808056.41
1311,10,Linear Regression,2374342.7492322936,3749057.69
1340,10,Linear Regression,1719156.3694416487,1775068.4
1356,10,Linear Regression,2110386.723928438,2115408.31
1397,10,Linear Regression,1703869.5864278688,1650285.54
1320,10,Linear Regression,1855284.7702407767,2106934.55
1352,10,Linear Regression,1683984.7751286065,1740063.1
1360,10,Linear Regression,2427274.8150286865,2950198.64
1296,10,Linear Regression,1799249.0680788702,1769793.37
1283,10,Linear Regression,1753802.153119335,1904618.17
1302,10,Linear Regression,1953274.1380388483,1740234.06
1357,10,Linear Regression,1918873.612073755,1933469.15
1350,10,Linear Regression,1745717.6815070133,1685910.53
1286,10,Linear Regression,1644555.357145392,1768172.31
1307,10,Linear Regression,2671571.6273519173,2176028.52
1359,10,Linear Regression,2335017.331189904,1869087.85
1389,10,Linear Regression,1626002.5861497212,1707481.9
1365,10,Linear Regression,1684758.8272441076,1767471.48
1326,10,Linear Regression,1905253.5730013105,1958003.19
1309,10,Linear Regression,2315636.224928576,1895901.59
1300,10,Linear Regression,2036643.9088428186,2411790.21
1366,10,Linear Regression,2338573.418272461,1711562.73
1336,10,Linear Regression,1644486.8833589875,1817934.76
1364,10,Linear Regression,3103637.361478677,1930690.37
1284,10,Linear Regression,1725087.914438576,1949236.09
1295,10,Linear Regression,1987480.979112035,2041069.37
1332,10,Linear Regression,1794394.9482350415,1712995.44
1376,10,Linear Regression,1725262.8430814166,1815760.42
1382,10,Linear Regression,1626276.2232874122,1795152.73
1333,10,Linear Regression,1783264.2129945185,1720908.01
1487,11,Linear Regression,1257818.574363544,1484169.74
1525,11,Linear Regression,1263720.4682914051,1297335.87
1440,11,Linear Regression,1262855.4842531432,1170103.25
1414,11,Linear Regression,1428561.253055368,1364207.0
1534,11,Linear Regression,1284285.084366035,1344483.81
1454,11,Linear Regression,1812011.9136304576,1172003.1
1423,11,Linear Regression,1258253.5191317736,1266796.13
1453,11,Linear Regression,1571905.8546604263,2306265.36
1482,11,Linear Regression,1250214.8788595994,1266546.73
1498,11,Linear Regression,1461127.833070834,1419236.9
1539,11,Linear Regression,1289583.1650863441,1372872.35
1462,11,Linear Regression,1225832.9776928453,1554747.15
1494,11,Linear Regression,1259388.8924236028,1314626.75
1502,11,Linear Regression,1576897.6770797274,1848953.48
1438,11,Linear Regression,1357928.5956395434,1280156.47
1425,11,Linear Regression,1186809.438059117,1264272.52
1444,11,Linear Regression,1307486.3009157937,1169831.38
1499,11,Linear Regression,1362973.6653300675,1314557.31
1492,11,Linear Regression,1279285.2882325333,1235775.15
1428,11,Linear Regression,1245687.5324432994,1262025.08
1449,11,Linear Regression,1765231.4282447095,1574684.08
1501,11,Linear Regression,1526135.1072482795,1315091.63
1531,11,Linear Regression,1306241.7904414386,1297028.6
1507,11,Linear Regression,1322441.200712374,1361595.33
1468,11,Linear Regression,1387415.9910251333,1399456.99
1451,11,Linear Regression,1481530.5721549958,1281675.6
1442,11,Linear Regression,1395203.6415590732,1564516.43
1508,11,Linear Regression,1537390.647922966,1264736.59
1478,11,Linear Regression,1213159.6845323234,1337506.74
1506,11,Linear Regression,2069615.1683651293,1352084.21
1426,11,Linear Regression,1254220.598208139,1369634.92
1437,11,Linear Regression,1352597.4746008443,1470308.32
1474,11,Linear Regression,1363255.8095022724,1277959.42
1518,11,Linear Regression,1246824.8695852435,1300104.03
1524,11,Linear Regression,1386285.2618925418,1352442.31
1475,11,Linear Regression,1299433.8391413465,1239466.97
1629,12,Linear Regression,931734.14302823,966817.24
1667,12,Linear Regression,925081.808430458,991514.21
1582,12,Linear Regression,928769.6489321077,851919.34
1556,12,Linear Regression,1102691.1034114223,972088.34
1676,12,Linear Regression,960363.782639447,941550.34
1596,12,Linear Regression,1473046.6369779534,891736.91
1565,12,Linear Regression,976204.0195368666,966054.97
1595,12,Linear Regression,988944.524385152,1768249.89
1624,12,Linear Regression,933819.668839011,936001.98
1640,12,Linear Regression,1143346.06284129,1086421.57
1681,12,Linear Regression,988321.5834284481,1061943.49
1604,12,Linear Regression,989730.4322841639,1128485.1
1636,12,Linear Regression,948105.0034432545,996937.95
1644,12,Linear Regression,1286449.3894124958,1591920.42
1580,12,Linear Regression,918034.3907805552,943506.28
1567,12,Linear Regression,927963.7182801588,955451.16
1586,12,Linear Regression,993231.8235650179,857883.46
1641,12,Linear Regression,974068.4300890447,997672.62
1634,12,Linear Regression,963334.4220633884,871692.74
1570,12,Linear Regression,910198.4381482292,958007.69
1591,12,Linear Regression,1381871.049003632,1117863.33
1643,12,Linear Regression,1158061.8911099487,970641.34
1673,12,Linear Regression,951471.2145842052,943124.74
1649,12,Linear Regression,852846.0908273717,981345.2
1610,12,Linear Regression,1023247.4057572896,1085248.21
1593,12,Linear Regression,1089422.3601765735,942475.24
1584,12,Linear Regression,1026698.5225560457,1121934.15
1650,12,Linear Regression,1216586.8747999165,865467.86
1620,12,Linear Regression,930687.3973531766,986504.93
1648,12,Linear Regression,1491288.1609402501,1111638.07
1568,12,Linear Regression,870962.9455122456,967576.95
1579,12,Linear Regression,1051053.3360869917,1041238.87
1616,12,Linear Regression,977748.8398387736,977033.5
1660,12,Linear Regression,969952.0515575209,1025382.22
1666,12,Linear Regression,963053.5298977629,1020486.05
1617,12,Linear Regression,991205.036013818,924134.99
1771,13,Linear Regression,1975029.334243311,2090340.98
1809,13,Linear Regression,1971157.7432026751,2043349.41
1724,13,Linear Regression,1795507.5373990135,1705655.09
1698,13,Linear Regression,2049599.6352545968,1879794.89
1818,13,Linear Regression,2003977.926492193,2053089.32
1738,13,Linear Regression,2973536.056239133,1675292.0
1707,13,Linear Regression,1829540.6863894984,1890273.44
1737,13,Linear Regression,2390985.734156148,3595903.2
1766,13,Linear Regression,1977347.3778788594,1956813.31
1782,13,Linear Regression,1955426.6650628876,1944438.9
1823,13,Linear Regression,2019538.5656220752,2073855.42
1746,13,Linear Regression,1718989.8802797638,2003480.59
1778,13,Linear Regression,1877877.0127678418,1997816.98
1786,13,Linear Regression,2456332.148634678,2864170.61
1722,13,Linear Regression,1878406.7832339914,1870843.9
1709,13,Linear Regression,1787606.5935380242,1877358.86
1728,13,Linear Regression,1912552.536392703,1796949.59
1783,13,Linear Regression,1778897.0136503372,1852432.58
1776,13,Linear Regression,2017918.633937482,1847430.96
1712,13,Linear Regression,1851213.7436411597,1970340.25
1733,13,Linear Regression,2496536.1499886108,2030933.46
1785,13,Linear Regression,2339220.149612472,2016323.51
1815,13,Linear Regression,1991048.135248232,2037663.71
1791,13,Linear Regression,2043501.256218933,2035431.39
1752,13,Linear Regression,1849691.4921427509,1894960.68
1735,13,Linear Regression,2098430.529737784,1939964.63
1726,13,Linear Regression,2027592.0506449805,2461468.35
1792,13,Linear Regression,2466635.076449617,1794962.64
1762,13,Linear Regression,1830518.4685397542,2086433.49
1790,13,Linear Regression,3322387.945864141,1969056.91
1710,13,Linear Regression,1814579.9434538225,1969121.45
1721,13,Linear Regression,2010863.589497695,1898321.33
1758,13,Linear Regression,1946532.1002141521,1958823.56
1802,13,Linear Regression,1796982.0005037305,1948982.7
1808,13,Linear Regression,1976723.6694136425,2131900.55
1759,13,Linear Regression,1882520.44318728,1860923.55
1913,14,Linear Regression,1952999.9962596097,1896873.99
1951,14,Linear Regression,1674358.9666142827,2030869.61
1866,14,Linear Regression,2071905.3688588315,1879891.13
1840,14,Linear Regression,2123211.8874167544,2066219.3
1960,14,Linear Regression,1460943.9584024819,1553250.16
1880,14,Linear Regression,3101510.9576494116,1623716.46
1849,14,Linear Regression,2137717.4805506277,2129771.13
1879,14,Linear Regression,2472537.543637011,3818686.45
1908,14,Linear Regression,1902251.5557198667,1953544.76
1924,14,Linear Regression,2375256.026613869,1980405.03
1965,14,Linear Regression,1584780.3483581855,1613342.19
1888,14,Linear Regression,1859475.026922499,2019031.67
1920,14,Linear Regression,1912569.4566125295,2132446.0
1928,14,Linear Regression,2463286.780499965,2685351.81
1864,14,Linear Regression,2077434.8270651828,2236209.13
1851,14,Linear Regression,1894138.7269588385,2227152.16
1870,14,Linear Regression,2223276.8865657337,1936621.09
1925,14,Linear Regression,2021982.7142496305,1931104.67
1918,14,Linear Regression,2041430.3311921943,1871555.64
1854,14,Linear Regression,2045269.450189498,2246179.91
1875,14,Linear Regression,2835785.532925187,1704218.84
1927,14,Linear Regression,2248989.4444367248,1969360.72
1957,14,Linear Regression,1593450.662889413,1591835.02
1933,14,Linear Regression,1776860.8790656212,2049485.49
1894,14,Linear Regression,2048677.6882459777,2041215.61
1877,14,Linear Regression,2350245.7973480956,2092189.06
1868,14,Linear Regression,2367304.5310725127,2600519.26
1934,14,Linear Regression,2048390.6987950504,1696248.27
1904,14,Linear Regression,1963771.9051539996,2082083.34
1932,14,Linear Regression,3041562.2105498724,1914148.89
1852,14,Linear Regression,2086793.1395573104,2219813.5
1863,14,Linear Regression,2111416.1922378503,2258781.28
1900,14,Linear Regression,2061013.2296568295,2004330.3
1944,14,Linear Regression,1593664.4948319844,1905033.01
1950,14,Linear Regression,1710211.585527254,1932233.17
1901,14,Linear Regression,2042866.177470385,1959967.8
2055,15,Linear Regression,627293.0917324818,599488.98
2093,15,Linear Regression,541721.8163160051,693780.42
2008,15,Linear Regression,630552.0153612813,548542.47
1982,15,Linear Regression,686200.5967006267,593710.67
2102,15,Linear Regression,547801.1786454552,592369.22
2022,15,Linear Regression,1077180.637606822,543754.17
1991,15,Linear Regression,633524.7064437594,594385.2
2021,15,Linear Regression,764172.2597344375,1368318.17
2050,15,Linear Regression,591781.4219099231,624114.56
2066,15,Linear Regression,650073.0808263062,582864.35
2107,15,Linear Regression,584082.8901547912,610185.32
2030,15,Linear Regression,522548.56544729567,649993.5
2062,15,Linear Regression,526291.2751495587,642679.81
2070,15,Linear Regression,798176.41073903,1066478.1
2006,15,Linear Regression,592437.5107244067,691497.62
1993,15,Linear Regression,576609.3322545593,744772.88
2012,15,Linear Regression,669597.1207153061,600395.73
2067,15,Linear Regression,510079.5183487935,537035.28
2060,15,Linear Regression,640111.7310147558,545570.86
1996,15,Linear Regression,649524.074772285,672194.03
2017,15,Linear Regression,885098.6790034967,682447.1
2069,15,Linear Regression,677204.1280664477,597856.51
2099,15,Linear Regression,623158.2478568559,624099.48
2075,15,Linear Regression,557054.2173631672,663971.26
2036,15,Linear Regression,543146.4671892569,573374.49
2019,15,Linear Regression,754544.6860487722,619639.74
2010,15,Linear Regression,710415.3153958584,847294.04
2076,15,Linear Regression,732809.169602799,454183.42
2046,15,Linear Regression,566862.4461932662,639928.85
2074,15,Linear Regression,1064511.4915406206,603460.79
1994,15,Linear Regression,629630.0211345401,639651.24
2005,15,Linear Regression,605872.163937296,634605.77
2042,15,Linear Regression,565232.6717760569,630482.91
2086,15,Linear Regression,513138.31976873684,557547.25
2092,15,Linear Regression,552023.5897461541,600050.98
2043,15,Linear Regression,565342.3769767473,593941.9
2197,16,Linear Regression,541238.8190412946,554630.42
2235,16,Linear Regression,463774.1036571406,518045.09
2150,16,Linear Regression,542997.0967560491,511330.32
2124,16,Linear Regression,464153.2024971161,504307.35
2244,16,Linear Regression,574982.4655447865,565297.54
2164,16,Linear Regression,723935.9607168494,575317.38
2133,16,Linear Regression,472317.926363837,401770.9
2163,16,Linear Regression,510360.20688577415,1004730.69
2192,16,Linear Regression,466494.1980180797,586841.77
2208,16,Linear Regression,488915.43299780076,466806.89
2249,16,Linear Regression,550082.6361601485,551837.31
2172,16,Linear Regression,349463.1054797736,491179.79
2204,16,Linear Regression,510456.53241345874,600952.06
2212,16,Linear Regression,563684.4629623685,712422.4
2148,16,Linear Regression,563510.9800886778,614253.33
2135,16,Linear Regression,453239.6404261779,479430.0
2154,16,Linear Regression,534435.159208724,541216.92
2209,16,Linear Regression,422957.7677741126,457504.35
2202,16,Linear Regression,557464.6312714474,504856.97
2138,16,Linear Regression,536122.7305119642,546554.96
2159,16,Linear Regression,564510.3379814514,472044.28
2211,16,Linear Regression,533553.2631160311,480353.64
2241,16,Linear Regression,558541.2804089161,570162.28
2217,16,Linear Regression,572334.4690225475,532311.93
2178,16,Linear Regression,467162.18645455444,484829.07
2161,16,Linear Regression,506594.0245157085,453632.76
2152,16,Linear Regression,601154.3934775762,570103.64
2218,16,Linear Regression,614476.8594344436,508520.09
2188,16,Linear Regression,398149.43692788493,581546.23
2216,16,Linear Regression,809950.5301854655,665861.06
2136,16,Linear Regression,556348.7540648943,586936.45
2147,16,Linear Regression,534754.2383972277,424083.99
2184,16,Linear Regression,468544.3665940261,410406.95
2228,16,Linear Regression,487906.1115776111,485095.41
2234,16,Linear Regression,435541.0790904546,493506.47
2185,16,Linear Regression,388581.3551453861,435397.19
2339,17,Linear Regression,912919.8337398273,797523.04
2377,17,Linear Regression,937524.7456358254,984881.59
2292,17,Linear Regression,836188.055278257,852876.29
2266,17,Linear Regression,849312.9023273642,752034.52
2386,17,Linear Regression,875408.8707810885,944698.7
2306,17,Linear Regression,1051748.4206993359,635862.55
2275,17,Linear Regression,857293.2267736779,813756.09
2305,17,Linear Regression,819088.7231637562,1309226.79
2334,17,Linear Regression,936593.5620031446,902727.76
2350,17,Linear Regression,1097094.7999251068,813211.46
2391,17,Linear Regression,887163.6806025992,865924.2
2314,17,Linear Regression,924480.5893502204,860962.91
2346,17,Linear Regression,938775.2916989307,881190.46
2354,17,Linear Regression,1098993.546620021,1225700.28
2290,17,Linear Regression,848300.9103581349,836915.92
2277,17,Linear Regression,794137.0614779466,872817.62
2296,17,Linear Regression,909018.15334264,815093.76
2351,17,Linear Regression,906147.1089850195,779602.36
2344,17,Linear Regression,938903.2698121511,895535.31
2280,17,Linear Regression,837540.0864846132,893995.44
2301,17,Linear Regression,1091377.1957197345,841951.91
2353,17,Linear Regression,897661.8946733151,877724.31
2383,17,Linear Regression,937867.4381100604,982322.24
2359,17,Linear Regression,960581.1375976473,938914.28
2320,17,Linear Regression,805636.8116218885,816138.33
2303,17,Linear Regression,922364.7179823458,855459.96
2294,17,Linear Regression,937333.9142443583,962475.55
2360,17,Linear Regression,885295.3758161629,873576.96
2330,17,Linear Regression,936753.2256921526,894686.67
2358,17,Linear Regression,1229399.895705795,777207.3
2278,17,Linear Regression,830608.3278823709,795301.17
2289,17,Linear Regression,851911.3589037434,770228.02
2326,17,Linear Regression,925106.3890186009,870625.49
2370,17,Linear Regression,886058.9210839701,872469.03
2376,17,Linear Regression,987220.3546802538,968816.33
2327,17,Linear Regression,877376.5494627313,844443.35
2481,18,Linear Regression,1072063.8173137272,932679.79
2519,18,Linear Regression,1014510.1619398992,1088446.58
2434,18,Linear Regression,1114166.3421651549,950862.92
2408,18,Linear Regression,1148212.1344076102,1087507.47
2528,18,Linear Regression,969940.0472745032,1033543.56
2448,18,Linear Regression,1448907.8336373076,887907.01
2417,18,Linear Regression,1107621.3539992205,1092616.49
2447,18,Linear Regression,1151228.4668408283,2027507.15
2476,18,Linear Regression,994589.3286758796,974916.13
2492,18,Linear Regression,1225204.8128395265,1122053.58
2533,18,Linear Regression,989375.207186313,1117097.23
2456,18,Linear Regression,1016548.268447352,1095058.57
2488,18,Linear Regression,963963.9017356448,1044079.2
2496,18,Linear Regression,1287528.9170066305,1624170.99
2432,18,Linear Regression,1109051.9363523212,1171391.41
2419,18,Linear Regression,1029824.8441156477,1256282.79
2438,18,Linear Regression,1189302.243365638,1052120.43
2493,18,Linear Regression,1043634.5950280344,1002714.25
2486,18,Linear Regression,1118529.1618766468,853073.17
2422,18,Linear Regression,1103128.9011533402,1220983.17
2443,18,Linear Regression,1280192.649815813,1187880.7
2495,18,Linear Regression,1204377.4791571968,1056992.18
2525,18,Linear Regression,1081086.9429714587,1097006.3
2501,18,Linear Regression,1043286.7998277366,1118313.7
2462,18,Linear Regression,924329.816881957,1063310.62
2445,18,Linear Regression,1284830.7567081107,1081322.12
2436,18,Linear Regression,1120079.7675332462,1416168.98
2502,18,Linear Regression,1317583.2827141262,890130.25
2472,18,Linear Regression,990256.3421014897,1045859.39
2500,18,Linear Regression,1573544.59287563,1010562.49
2420,18,Linear Regression,1100562.4071728992,1166117.85
2431,18,Linear Regression,1121194.130357389,1174447.55
2468,18,Linear Regression,924356.5188549939,993172.98
2512,18,Linear Regression,976015.3694668692,1009121.2
2518,18,Linear Regression,999471.5786149153,1047444.59
2469,18,Linear Regression,939369.9718541158,994610.43
2623,19,Linear Regression,1421698.0034362236,1391792.69
2661,19,Linear Regression,1301665.6238732482,1485540.28
2576,19,Linear Regression,1466168.2765884215,1318343.58
2550,19,Linear Regression,1466270.2783624209,1332940.35
2670,19,Linear Regression,1312828.92197281,1317672.92
2590,19,Linear Regression,2015242.104259901,1275146.94
2559,19,Linear Regression,1500642.7780226998,1437319.45
2589,19,Linear Regression,1715970.3638540823,2678206.42
2618,19,Linear Regression,1412073.4754118817,1391580.41
2634,19,Linear Regression,1514981.609200037,1430851.11
2675,19,Linear Regression,1390823.0198526974,1542719.87
2598,19,Linear Regression,1177937.4701849197,1457270.16
2630,19,Linear Regression,1296810.7763627353,1467473.63
2638,19,Linear Regression,1721288.9473750163,1974646.78
2574,19,Linear Regression,1381743.3914864769,1577541.24
2561,19,Linear Regression,1328039.0408792219,1648882.62
2580,19,Linear Regression,1522005.945510553,1357154.71
2635,19,Linear Regression,1326281.0935511475,1351450.43
2628,19,Linear Regression,1494836.8688606515,1300375.76
2564,19,Linear Regression,1432709.6151843683,1450407.32
2585,19,Linear Regression,1884093.0820822264,1536549.95
2637,19,Linear Regression,1616995.3420934847,1411835.57
2667,19,Linear Regression,1384753.271635995,1379652.65
2643,19,Linear Regression,1344075.300946413,1450733.29
2604,19,Linear Regression,1361354.4006264661,1433569.44
2587,19,Linear Regression,1610868.256764479,1490235.86
2578,19,Linear Regression,1615144.8801091504,1799070.98
2644,19,Linear Regression,1483521.586238449,1182198.7
2614,19,Linear Regression,1367329.1967825915,1418973.62
2642,19,Linear Regression,2051797.8299826477,1405168.06
2562,19,Linear Regression,1451598.3672087695,1492060.89
2573,19,Linear Regression,1483405.9237082729,1489613.32
2610,19,Linear Regression,1350115.3083576045,1429143.06
2654,19,Linear Regression,1258247.0440883904,1327139.35
2660,19,Linear Regression,1365908.4857113182,1366937.1
2611,19,Linear Regression,1347140.4222518262,1355234.3
2765,20,Linear Regression,1939966.6028614014,1990017.93
2803,20,Linear Regression,1862547.2702957503,2114989.0
2718,20,Linear Regression,1957553.080764826,1789687.65
2692,20,Linear Regression,2142474.3323737374,1951848.43
2812,20,Linear Regression,2030327.7233966729,1970170.29
2732,20,Linear Regression,2938840.9034440694,1799737.79
2701,20,Linear Regression,2109254.4368240493,2033211.62
2731,20,Linear Regression,2557592.8234590897,3766687.43
2760,20,Linear Regression,1939627.9426903038,2039875.75
2776,20,Linear Regression,2134773.44085675,2211388.14
2817,20,Linear Regression,1933935.2771530058,2062481.56
2740,20,Linear Regression,1868775.683987392,2258616.24
2772,20,Linear Regression,1959069.997992273,2135062.04
2780,20,Linear Regression,2523796.700515978,2906233.25
2716,20,Linear Regression,2001879.6275689758,2107285.85
2703,20,Linear Regression,1765212.78663856,2065984.95
2722,20,Linear Regression,2102794.430369841,1893955.27
2777,20,Linear Regression,2095780.8572487638,1990932.77
2770,20,Linear Regression,1999509.4853001568,1888119.7
2706,20,Linear Regression,1886099.028377882,1973135.87
2727,20,Linear Regression,2774222.858152886,2109107.9
2779,20,Linear Regression,2498421.233002966,2169933.82
2809,20,Linear Regression,1903662.805637313,2055952.61
2785,20,Linear Regression,2058798.1568672997,2143126.59
2746,20,Linear Regression,2203688.260388716,2143424.61
2729,20,Linear Regression,2391469.9857986183,2187765.28
2720,20,Linear Regression,2312910.5709241712,2752122.08
2786,20,Linear Regression,2384333.1076094774,1911510.64
2756,20,Linear Regression,1961471.3972363158,2065191.27
2784,20,Linear Regression,3132925.212394538,2043245.0
2704,20,Linear Regression,2106552.4856138537,1910177.38
2715,20,Linear Regression,2043389.5255628144,2007796.26
2752,20,Linear Regression,2200830.7433540286,2036748.53
2796,20,Linear Regression,1852980.1442915075,2074721.74
2802,20,Linear Regression,2080524.5795134222,2039222.26
2753,20,Linear Regression,1995114.0036213289,1953416.06
2907,21,Linear Regression,711542.8289394407,855546.5
2945,21,Linear Regression,687081.5111133675,722891.24
2860,21,Linear Regression,751710.939533476,671688.06
2834,21,Linear Regression,874998.8188165085,727070.0
2954,21,Linear Regression,641319.6002998098,691200.33
2874,21,Linear Regression,1274734.8764132154,672903.23
2843,21,Linear Regression,687059.2618196544,723559.88
2873,21,Linear Regression,871977.9753178586,1587257.78
2902,21,Linear Regression,687371.595015742,728311.15
2918,21,Linear Regression,762458.0438330671,771908.51
2959,21,Linear Regression,734649.7769332678,763867.59
2882,21,Linear Regression,673481.8524849719,884701.92
2914,21,Linear Regression,702748.0644286259,794397.89
2922,21,Linear Regression,962779.763233241,1219263.4
2858,21,Linear Regression,748226.9911041243,714677.47
2845,21,Linear Regression,717303.949451099,755214.26
2864,21,Linear Regression,769966.0184313883,710668.45
2919,21,Linear Regression,664654.9670693883,763479.9
2912,21,Linear Regression,735035.3825667893,681913.29
2848,21,Linear Regression,780107.7130106055,769848.75
2869,21,Linear Regression,1044969.2892000899,809321.44
2921,21,Linear Regression,823039.9914467809,737014.09
2951,21,Linear Regression,753743.6580800322,716341.39
2927,21,Linear Regression,700881.5474713286,695439.83
2888,21,Linear Regression,647228.9341177075,796277.72
2871,21,Linear Regression,825569.9305179798,735796.38
2862,21,Linear Regression,779352.3730506523,943891.64
2928,21,Linear Regression,882993.3311848694,631181.25
2898,21,Linear Regression,691267.8639553201,823220.43
2926,21,Linear Regression,1354103.1998445173,804362.36
2846,21,Linear Regression,731927.8572617278,739279.19
2857,21,Linear Regression,766122.127122537,751181.4
2894,21,Linear Regression,795258.6855534882,754236.7
2938,21,Linear Regression,703647.6981419963,724798.76
2944,21,Linear Regression,711097.8789603654,700554.16
2895,21,Linear Regression,775601.410800002,744836.56
3049,22,Linear Regression,1058287.0271472454,973004.91
3087,22,Linear Regression,985227.3464954044,1047297.38
3002,22,Linear Regression,1017003.6094799935,902779.25
2976,22,Linear Regression,1042281.1075901478,966145.09
3096,22,Linear Regression,923879.5149398871,991969.37
3016,22,Linear Regression,1578723.7086447817,774262.28
2985,22,Linear Regression,1038180.1514506307,973585.33
3015,22,Linear Regression,1211896.2488471342,1962445.04
3044,22,Linear Regression,960525.7661195246,961953.57
3060,22,Linear Regression,1059363.4938536608,1009206.33
3101,22,Linear Regression,1009127.686550172,1022270.86
3024,22,Linear Regression,966058.9146726638,975964.86
3056,22,Linear Regression,935955.6390420608,1060868.49
3064,22,Linear Regression,1222624.228271407,1535857.49
3000,22,Linear Regression,949693.2926167273,1092654.26
2987,22,Linear Regression,949251.5178063515,1103740.4
3006,22,Linear Regression,1123091.478360275,960998.52
3061,22,Linear Regression,919655.9452083164,944587.23
3054,22,Linear Regression,1142630.795485295,899834.75
2990,22,Linear Regression,979098.3360898976,1095020.33
3011,22,Linear Regression,1219484.978657272,1022571.25
3063,22,Linear Regression,1148182.6677229966,1007579.44
3093,22,Linear Regression,1054186.9303392586,1053881.78
3069,22,Linear Regression,997154.6463195605,1102857.37
3030,22,Linear Regression,942653.7923463054,997353.15
3013,22,Linear Regression,1190266.5633454325,1043698.64
3004,22,Linear Regression,1140676.4048428617,1367202.84
3070,22,Linear Regression,1163990.3520401067,855437.57
3040,22,Linear Regression,965259.226181985,1042454.61
3068,22,Linear Regression,1616397.2310936963,982661.14
2988,22,Linear Regression,978038.0433263289,1010326.14
2999,22,Linear Regression,998597.6225570753,1033171.07
3036,22,Linear Regression,934810.376520045,1001558.74
3080,22,Linear Regression,913395.5771757278,965769.93
3086,22,Linear Regression,973806.6574938156,986612.02
3037,22,Linear Regression,947879.8732147398,970307.83
3191,23,Linear Regression,1473007.5528428995,1453416.53
3229,23,Linear Regression,1383129.5293846752,1552934.64
3144,23,Linear Regression,1397673.3676868253,1099055.65
3118,23,Linear Regression,1329490.06169515,1229008.32
3238,23,Linear Regression,1302744.7235615824,1381339.23
3158,23,Linear Regression,2454669.4519398147,1169773.85
3127,23,Linear Regression,1302153.5382287484,1303055.09
3157,23,Linear Regression,1707090.6868202225,2734277.1
3186,23,Linear Regression,1351178.7224718952,1360520.56
3202,23,Linear Regression,1392175.428117849,1249786.4
3243,23,Linear Regression,1512704.8807528936,1577468.78
3166,23,Linear Regression,1182091.9557824675,1369971.57
3198,23,Linear Regression,1290037.4946976588,1447028.06
3206,23,Linear Regression,1812947.2660996604,2057059.53
3142,23,Linear Regression,1346188.419900749,1417535.78
3129,23,Linear Regression,1232104.3625581714,1571158.56
3148,23,Linear Regression,1513377.4844217252,1147503.92
3203,23,Linear Regression,1014200.6448336493,1042043.55
3196,23,Linear Regression,1581198.9929516162,1289082.81
3132,23,Linear Regression,1394360.0336273008,1415204.88
3153,23,Linear Regression,1479757.9491045168,1380892.08
3205,23,Linear Regression,1524590.2183640716,1345631.96
3235,23,Linear Regression,1595822.0440457582,1451782.16
3211,23,Linear Regression,1369841.2161392502,1476144.34
3172,23,Linear Regression,1217503.2789615882,1301185.28
3155,23,Linear Regression,1338349.277402703,1387953.75
3146,23,Linear Regression,1533105.926031967,1872365.99
3212,23,Linear Regression,1582387.5339749786,1031451.35
3182,23,Linear Regression,1205032.366826509,1470520.83
3210,23,Linear Regression,2602993.853815467,1213486.95
3130,23,Linear Regression,1402204.4178280605,1417013.07
3141,23,Linear Regression,1381001.9837781845,1264434.7
3178,23,Linear Regression,1196256.6376059055,1254914.87
3222,23,Linear Regression,1111900.014700003,1261964.96
3228,23,Linear Regression,1352792.345377725,1332952.47
3179,23,Linear Regression,1274137.2696626706,1337617.55
3333,24,Linear Regression,1445131.232986258,1352039.88
3371,24,Linear Regression,1290490.376491154,1407897.57
3286,24,Linear Regression,1329031.1975989102,1169413.27
3260,24,Linear Regression,1319260.3750239043,1222511.29
3380,24,Linear Regression,1347830.067684165,1394299.0
3300,24,Linear Regression,1658794.209971213,1208600.05
3269,24,Linear Regression,1369812.8915898912,1346783.35
3299,24,Linear Regression,1448328.2851673649,2386015.75
3328,24,Linear Regression,1376625.7199177563,1356938.95
3344,24,Linear Regression,1398786.5713976214,1341240.62
3385,24,Linear Regression,1273520.9595525868,1344558.92
3308,24,Linear Regression,1065715.415900328,1360150.12
3340,24,Linear Regression,1303768.06253102,1373841.91
3348,24,Linear Regression,1504978.8629498822,1761235.67
3284,24,Linear Regression,1377708.3889568793,1665502.55
3271,24,Linear Regression,1211912.6935491574,1473868.15
3290,24,Linear Regression,1369820.2593800132,1234875.33
3345,24,Linear Regression,1284480.425897096,1253218.7
3338,24,Linear Regression,1395290.313863961,1232376.49
3274,24,Linear Regression,1308227.2686920802,1399073.75
3295,24,Linear Regression,1675604.3044075225,1414107.1
3347,24,Linear Regression,1468198.4620987729,1297535.69
3377,24,Linear Regression,1361407.78786083,1428869.9
3353,24,Linear Regression,1355994.7708007072,1467722.19
3314,24,Linear Regression,1266486.1559863435,1346994.53
3297,24,Linear Regression,1467704.2971402905,1312877.01
3288,24,Linear Regression,1424678.2147706884,1593012.75
3354,24,Linear Regression,1387857.3140838991,1155594.2
3324,24,Linear Regression,1295565.7137979476,1320359.23
3352,24,Linear Regression,1738179.2505110116,1363973.16
3272,24,Linear Regression,1438831.054642418,1442819.28
3283,24,Linear Regression,1384722.1522306532,1379579.63
3320,24,Linear Regression,1340400.9217922084,1311950.16
3364,24,Linear Regression,1204978.0293215609,1230106.13
3370,24,Linear Regression,1329848.6996949625,1298809.8
3321,24,Linear Regression,1261641.887585173,1234281.7
3475,25,Linear Regression,668618.3609847082,688958.75
3513,25,Linear Regression,689843.4002838205,783371.02
3428,25,Linear Regression,704072.8568379738,607819.33
3402,25,Linear Regression,747484.5738449232,659795.84
3522,25,Linear Regression,647655.5456237877,685676.58
3442,25,Linear Regression,1131634.178806133,623092.54
3411,25,Linear Regression,690601.4194489011,698073.95
3441,25,Linear Regression,791828.3947783951,1295391.19
3470,25,Linear Regression,644956.4903718272,680510.23
3486,25,Linear Regression,657326.8542412904,615666.78
3527,25,Linear Regression,721579.8685975133,714828.73
3450,25,Linear Regression,620926.3639821393,634637.03
3482,25,Linear Regression,662435.4136972157,740259.63
3490,25,Linear Regression,874074.1122310719,1116211.39
3426,25,Linear Regression,698072.053579012,719591.13
3413,25,Linear Regression,668930.4347796454,792442.54
3432,25,Linear Regression,750183.5251164512,661644.19
3487,25,Linear Regression,541186.7969262688,599828.39
3480,25,Linear Regression,715150.5721791502,620885.93
3416,25,Linear Regression,717338.231449456,737569.14
3437,25,Linear Regression,822575.8023556521,583364.02
3489,25,Linear Regression,793918.3070431428,728525.6
3519,25,Linear Regression,730647.7386516983,718890.81
3495,25,Linear Regression,713290.2077340205,694765.95
3456,25,Linear Regression,587244.6857759247,640912.18
3439,25,Linear Regression,729281.4925705305,713250.08
3430,25,Linear Regression,749818.3571652325,964729.18
3496,25,Linear Regression,844595.7686160126,614764.31
3466,25,Linear Regression,618798.5724439427,717373.43
3494,25,Linear Regression,1234802.8550333492,683665.37
3414,25,Linear Regression,740862.7316153703,699464.43
3425,25,Linear Regression,660116.0224170124,712647.97
3462,25,Linear Regression,683383.5328958946,684783.15
3506,25,Linear Regression,645201.0021329918,684348.92
3512,25,Linear Regression,670158.1968777592,717207.19
3463,25,Linear Regression,710155.5123601906,677971.33
3617,26,Linear Regression,1069030.0987908887,1021766.75
3655,26,Linear Regression,981555.5831530179,1067310.74
3570,26,Linear Regression,994276.1466649617,868636.3
3544,26,Linear Regression,930294.6564486458,903366.55
3664,26,Linear Regression,1019237.6724764463,1049625.9
3584,26,Linear Regression,1126746.558278241,877268.29
3553,26,Linear Regression,1008305.9211816044,972663.59
3583,26,Linear Regression,1026959.0002913855,1573982.47
3612,26,Linear Regression,1014535.0167277647,1021534.7
3628,26,Linear Regression,1025411.8602970428,1010711.08
3669,26,Linear Regression,977345.5537860945,1053495.51
3592,26,Linear Regression,793449.7618770112,981978.02
3624,26,Linear Regression,983048.0198261344,1094058.68
3632,26,Linear Regression,1108138.3259468833,1282320.05
3568,26,Linear Regression,1005965.339373739,1122356.53
3555,26,Linear Regression,901896.9496142233,1069851.59
3574,26,Linear Regression,1011369.9754461994,916522.66
3629,26,Linear Regression,939164.4004540832,946614.55
3622,26,Linear Regression,1054485.3808966621,923644.6
3558,26,Linear Regression,971813.7591382073,976242.09
3579,26,Linear Regression,1164240.0105509183,1015684.09
3631,26,Linear Regression,1101727.0053582364,946091.79
3661,26,Linear Regression,1015277.8024170655,1051190.44
3637,26,Linear Regression,1018416.8805940045,1015853.03
3598,26,Linear Regression,954443.1643771442,945643.17
3581,26,Linear Regression,1075496.1972314375,971193.01
3572,26,Linear Regression,1024791.3465809077,1149612.04
3638,26,Linear Regression,1026258.3220287507,836305.65
3608,26,Linear Regression,958813.2031784989,981646.46
3636,26,Linear Regression,1252448.103166961,972834.42
3556,26,Linear Regression,1037771.1995690916,1125329.77
3567,26,Linear Regression,1026489.5372527869,1022293.81
3604,26,Linear Regression,960171.6161641171,941008.85
3648,26,Linear Regression,885295.6497914081,922018.43
3654,26,Linear Regression,987008.5386273592,978082.84
3605,26,Linear Regression,917911.4959597483,938334.62
3759,27,Linear Regression,1893066.858189945,1781905.24
3797,27,Linear Regression,1662018.2568524748,1818906.73
3712,27,Linear Regression,1851398.016508932,1597002.71
3686,27,Linear Regression,1806662.820869225,1700627.97
3806,27,Linear Regression,1702394.0165336826,1730913.66
3726,27,Linear Regression,2507469.3037696006,1440963.0
3695,27,Linear Regression,1668878.7575828647,1842465.78
3725,27,Linear Regression,1806395.1836712328,3078162.08
3754,27,Linear Regression,1791612.150092227,1762155.79
3770,27,Linear Regression,1944860.3779286956,1636224.77
3811,27,Linear Regression,1714919.239588035,1731935.43
3734,27,Linear Regression,1556395.3527495463,1709365.19
3766,27,Linear Regression,1750337.110579969,1817914.71
3774,27,Linear Regression,2019393.9471802083,2504400.71
3710,27,Linear Regression,1907287.254946321,2119163.01
3697,27,Linear Regression,1665012.2043116244,1962468.67
3716,27,Linear Regression,1899536.232668577,1693935.29
3771,27,Linear Regression,1589736.011632704,1613259.77
3764,27,Linear Regression,1907107.9562284087,1606208.68
3700,27,Linear Regression,1905704.7809445895,1962625.01
3721,27,Linear Regression,2128263.036588563,1745362.72
3773,27,Linear Regression,1782749.2201085594,1723739.44
3803,27,Linear Regression,1807393.00747902,1842555.32
3779,27,Linear Regression,1647724.2363717044,1900638.6
3740,27,Linear Regression,1648264.956827081,1656130.67
3723,27,Linear Regression,1844363.3526098658,1828010.25
3714,27,Linear Regression,1816019.9606973415,2139733.68
3780,27,Linear Regression,1813130.438134529,1492399.13
3750,27,Linear Regression,1763590.4204198804,1814740.09
3778,27,Linear Regression,2500112.6943501523,1650604.6
3698,27,Linear Regression,2009568.8307600701,1908036.68
3709,27,Linear Regression,1815279.0872016614,1955814.13
3746,27,Linear Regression,1799410.108171788,1763545.32
3790,27,Linear Regression,1424984.4470003785,1615494.14
3796,27,Linear Regression,1631169.6465964182,1707158.82
3747,27,Linear Regression,1772658.432763051,1725268.56
3901,28,Linear Regression,1205208.1708501563,1200019.74
3939,28,Linear Regression,1138827.1458487655,1151214.41
3854,28,Linear Regression,1224450.417244443,1111797.21
3828,28,Linear Regression,1416857.8549933445,1279819.43
3948,28,Linear Regression,1202923.176506227,1149427.48
3868,28,Linear Regression,1382765.8412704715,1090558.57
3837,28,Linear Regression,1416454.5454583326,1245898.73
3867,28,Linear Regression,1279607.4276219888,2026026.39
3896,28,Linear Regression,1263044.9283114686,1197373.13
3912,28,Linear Regression,1549729.603661378,1397301.38
3953,28,Linear Regression,1123157.2637294468,1227118.75
3876,28,Linear Regression,1272631.1102518716,1514828.82
3908,28,Linear Regression,1307675.4941601413,1339972.83
3916,28,Linear Regression,1533575.8615870983,1929738.27
3852,28,Linear Regression,1283408.5839554633,1340293.87
3839,28,Linear Regression,1196508.1073957365,1176588.25
3858,28,Linear Regression,1256865.4399775432,1120619.32
3913,28,Linear Regression,1351682.4655172373,1380836.35
3906,28,Linear Regression,1241892.774539881,1109105.92
3842,28,Linear Regression,1107670.7618966436,1231025.07
3863,28,Linear Regression,1808840.981482909,1558968.49
3915,28,Linear Regression,1456976.5510727991,1255081.22
3945,28,Linear Regression,1062483.084249451,1129031.98
3921,28,Linear Regression,1300976.818033916,1245480.95
3882,28,Linear Regression,1471637.2866720296,1723736.91
3865,28,Linear Regression,1421690.589426751,1266460.45
3856,28,Linear Regression,1423180.8068502615,1466164.49
3922,28,Linear Regression,1401124.72910229,1161190.29
3892,28,Linear Regression,1243542.7060842454,1268503.49
3920,28,Linear Regression,1527228.309184969,1270036.53
3840,28,Linear Regression,1249601.952377992,1523101.38
3851,28,Linear Regression,1552776.1568646603,1382359.21
3888,28,Linear Regression,1311067.5546459828,1253316.3
3932,28,Linear Regression,1157777.8247070622,1209524.11
3938,28,Linear Regression,1242741.5560526135,1213310.45
3889,28,Linear Regression,1234725.7575123194,1151282.31
4043,29,Linear Regression,538471.001303669,498056.0
4081,29,Linear Regression,509384.89948640537,549665.67
3996,29,Linear Regression,536811.0220949653,465338.41
3970,29,Linear Regression,551019.0387228885,496851.6
4090,29,Linear Regression,480697.09933242813,506705.36
4010,29,Linear Regression,822018.9879725546,465992.02
3979,29,Linear Regression,549228.0890060841,518940.88
4009,29,Linear Regression,568144.4169522435,1130926.79
4038,29,Linear Regression,505299.9903972857,505246.15
4054,29,Linear Regression,575532.1647532084,550387.78
4095,29,Linear Regression,513153.99482244335,545844.91
4018,29,Linear Regression,470564.37962796085,542529.21
4050,29,Linear Regression,478534.11268821853,558431.44
4058,29,Linear Regression,695129.5183686131,913165.19
3994,29,Linear Regression,490240.2654373486,563449.43
3981,29,Linear Regression,505453.98351262347,577627.66
4000,29,Linear Regression,573846.4588342856,505221.17
4055,29,Linear Regression,457785.32756965293,493430.45
4048,29,Linear Regression,584582.8045333485,475696.37
3984,29,Linear Regression,515074.70907578914,585548.79
4005,29,Linear Regression,686758.4044922696,529672.95
4057,29,Linear Regression,610235.5891194603,504601.29
4087,29,Linear Regression,544515.1463325748,555954.13
4063,29,Linear Regression,444747.6824055943,576252.35
4024,29,Linear Regression,503326.4360897228,536031.67
4007,29,Linear Regression,650013.4231209564,524450.7
3998,29,Linear Regression,592646.6861218299,713834.74
4064,29,Linear Regression,665797.5199808861,444756.37
4034,29,Linear Regression,495144.7944513917,536914.17
4062,29,Linear Regression,848603.459015172,551743.05
3982,29,Linear Regression,507006.6268074552,519787.93
3993,29,Linear Regression,512383.6121395974,569937.23
4030,29,Linear Regression,482960.07382693805,549551.02
4074,29,Linear Regression,507457.0330130358,504566.28
4080,29,Linear Regression,513024.0368921833,543706.04
4031,29,Linear Regression,508244.93148816755,492932.51
4185,30,Linear Regression,414589.2067304231,414450.61
4223,30,Linear Regression,436024.2921726478,449355.91
4138,30,Linear Regression,445544.60895590903,448392.17
4112,30,Linear Regression,445936.86706679716,445736.36
4232,30,Linear Regression,424371.3285001294,427491.04
4152,30,Linear Regression,477467.03862427484,397631.02
4121,30,Linear Regression,462871.5210875451,461868.09
4151,30,Linear Regression,460857.6485656797,519354.88
4180,30,Linear Regression,415510.0004152294,420515.63
4196,30,Linear Regression,442522.4057232954,470921.24
4237,30,Linear Regression,419168.8683692967,439132.5
4160,30,Linear Regression,434885.67743765865,417070.51
4192,30,Linear Regression,405161.6719109358,424697.05
4200,30,Linear Regression,443452.54106379015,452163.93
4136,30,Linear Regression,448345.6571855084,436293.4
4123,30,Linear Regression,445283.99621217605,462474.16
4142,30,Linear Regression,446107.5426847336,459631.74
4197,30,Linear Regression,449588.0580024377,438529.81
4190,30,Linear Regression,406447.96870732814,391837.56
4126,30,Linear Regression,440297.2744925899,453210.24
4147,30,Linear Regression,470347.88760387746,497374.57
4199,30,Linear Regression,426579.5654455591,436462.63
4229,30,Linear Regression,424734.46646160854,423192.4
4205,30,Linear Regression,414811.2182204868,427021.18
4166,30,Linear Regression,453769.3409420194,443334.71
4149,30,Linear Regression,460037.2439643139,431266.64
4140,30,Linear Regression,462437.2651574814,428631.91
4206,30,Linear Regression,442664.36035813193,447023.91
4176,30,Linear Regression,415182.5262276308,435481.03
4204,30,Linear Regression,460759.13327857916,376777.45
4124,30,Linear Regression,454040.4286923712,441407.06
4135,30,Linear Regression,455045.4373356686,454800.96
4172,30,Linear Regression,423637.254804593,424614.59
4216,30,Linear Regression,419703.60903375165,449603.91
4222,30,Linear Regression,434329.2318001378,460945.14
4173,30,Linear Regression,421932.8563960913,435102.2
4327,31,Linear Regression,1346045.4685090333,1487542.53
4365,31,Linear Regression,1357061.2506673126,1397094.26
4280,31,Linear Regression,1335328.9616245527,1230250.25
4254,31,Linear Regression,1390308.2070617813,1332261.01
4374,31,Linear Regression,1328815.4165157531,1392395.2
4294,31,Linear Regression,1652330.7533139056,1198071.6
4263,31,Linear Regression,1331870.8971588777,1287288.59
4293,31,Linear Regression,1530208.1843183266,2068942.97
4322,31,Linear Regression,1365407.0048950391,1415473.91
4338,31,Linear Regression,1508451.7226520237,1539230.32
4379,31,Linear Regression,1329071.9140292262,1373651.49
4302,31,Linear Regression,1386316.7819844864,1539063.91
4334,31,Linear Regression,1367228.8209349578,1425299.37
4342,31,Linear Regression,1614364.299470407,1934099.65
4278,31,Linear Regression,1357602.9762711227,1315118.4
4265,31,Linear Regression,1279034.7279829343,1309437.17
4284,31,Linear Regression,1341527.6634444504,1262289.29
4339,31,Linear Regression,1485819.3688915707,1405572.93
4332,31,Linear Regression,1412933.0275370867,1347607.74
4268,31,Linear Regression,1280806.656098924,1303523.73
4289,31,Linear Regression,1739674.4921429297,1543947.23
4341,31,Linear Regression,1545751.9347011817,1445174.79
4371,31,Linear Regression,1369070.479467339,1349202.25
4347,31,Linear Regression,1391028.1447361105,1404516.29
4308,31,Linear Regression,1401100.8534200806,1412721.18
4291,31,Linear Regression,1550333.8199598438,1352780.76
4282,31,Linear Regression,1396548.1593655322,1475685.1
4348,31,Linear Regression,1549035.9550362923,1377485.12
4318,31,Linear Regression,1347921.3618097708,1491039.14
4346,31,Linear Regression,1876564.464605346,1355405.95
4266,31,Linear Regression,1305748.604711801,1352401.08
4277,31,Linear Regression,1359713.7472077115,1395710.09
4314,31,Linear Regression,1447312.167819353,1408118.22
4358,31,Linear Regression,1351460.2225977941,1318854.22
4364,31,Linear Regression,1369863.2314270027,1441473.82
4315,31,Linear Regression,1385399.1278124126,1387365.19
4469,32,Linear Regression,1152306.6601033392,1221318.17
4507,32,Linear Regression,1150754.5794755968,1232784.22
4422,32,Linear Regression,1106445.8404030732,1067432.1
4396,32,Linear Regression,1173290.4537749689,1059781.78
4516,32,Linear Regression,1127008.2608533485,1167829.33
4436,32,Linear Regression,1742961.4548157086,955463.84
4405,32,Linear Regression,1079914.9295261202,1079314.52
4435,32,Linear Regression,1355681.787865872,1949183.14
4464,32,Linear Regression,1088468.6228912633,1144254.26
4480,32,Linear Regression,1149167.3893402147,1124357.2
4521,32,Linear Regression,1231703.0579678963,1183979.27
4444,32,Linear Regression,1046099.270595425,1183528.58
4476,32,Linear Regression,1102885.7705931675,1239741.34
4484,32,Linear Regression,1336527.3167023426,1684468.66
4420,32,Linear Regression,1079980.8431236327,1077253.67
4407,32,Linear Regression,1066307.1094377032,1205662.85
4426,32,Linear Regression,1187529.843817807,1102185.0
4481,32,Linear Regression,1048939.1006051644,1101458.21
4474,32,Linear Regression,1224114.089457718,1116140.29
4410,32,Linear Regression,1108652.604708657,1124763.74
4431,32,Linear Regression,1367547.1275776082,1123566.12
4483,32,Linear Regression,1287869.3834638963,1181651.55
4513,32,Linear Regression,1203653.731402839,1178211.81
4489,32,Linear Regression,1272145.2796485543,1157557.79
4450,32,Linear Regression,1069519.0959444179,1106847.62
4433,32,Linear Regression,1264870.019591959,1141019.11
4424,32,Linear Regression,1150743.0204011456,1377322.73
4490,32,Linear Regression,1398790.2319931942,1071598.36
4460,32,Linear Regression,1085141.2702606653,1192031.38
4488,32,Linear Regression,1843853.3043676997,1102367.65
4408,32,Linear Regression,1135576.1508098268,1144552.09
4419,32,Linear Regression,1149205.9297718683,1095889.22
4456,32,Linear Regression,1127677.7796520926,1138162.76
4500,32,Linear Regression,1079876.3005453753,1108686.87
4506,32,Linear Regression,1166696.551893759,1177539.71
4457,32,Linear Regression,1122292.4218065569,1145084.76
4611,33,Linear Regression,262758.0588498598,242771.37
4649,33,Linear Regression,271961.07877459517,261851.74
4564,33,Linear Regression,228801.5590133133,231976.84
4538,33,Linear Regression,253083.49099431402,282235.73
4658,33,Linear Regression,270120.5437898635,253205.89
4578,33,Linear Regression,285421.4406992424,219804.85
4547,33,Linear Regression,280874.8462950598,331173.51
4577,33,Linear Regression,234723.739009642,249246.8
4606,33,Linear Regression,260008.1584873051,265003.47
4622,33,Linear Regression,297158.90663672687,276198.74
4663,33,Linear Regression,233432.254780981,237129.81
4586,33,Linear Regression,240573.53724205575,252349.6
4618,33,Linear Regression,285826.3421170084,258427.39
4626,33,Linear Regression,273140.55995688186,255996.47
4562,33,Linear Regression,278533.5918931284,302423.93
4549,33,Linear Regression,277411.7377503807,279246.33
4568,33,Linear Regression,227472.92693442275,234175.92
4623,33,Linear Regression,292195.0490387911,270921.44
4616,33,Linear Regression,252195.37040134988,234793.12
4552,33,Linear Regression,281744.9809163596,259419.91
4573,33,Linear Regression,300111.09244653414,294882.83
4625,33,Linear Regression,244501.31428040809,251294.5
4655,33,Linear Regression,258313.61429352695,244338.31
4631,33,Linear Regression,258855.84665817508,261131.09
4592,33,Linear Regression,259082.67864620461,245435.8
4575,33,Linear Regression,279602.3208320234,272803.94
4566,33,Linear Regression,284328.97838725056,253050.1
4632,33,Linear Regression,266176.57971145003,279447.22
4602,33,Linear Regression,267943.04127282486,238172.66
4630,33,Linear Regression,277130.238660592,215359.21
4550,33,Linear Regression,253244.29604678246,262789.95
4561,33,Linear Regression,288612.61127485306,325201.05
4598,33,Linear Regression,249153.69981778914,279466.87
4642,33,Linear Regression,238786.32166515512,251327.67
4648,33,Linear Regression,272160.9087651806,276899.95
4599,33,Linear Regression,266253.3357411902,239206.26
4753,34,Linear Regression,883513.9552689027,960418.54
4791,34,Linear Regression,931405.8253505264,1015737.61
4706,34,Linear Regression,901316.4307024714,867539.07
4680,34,Linear Regression,979351.0639859005,892070.82
4800,34,Linear Regression,938012.4713723405,950929.59
4720,34,Linear Regression,1403677.5767741418,902109.69
4689,34,Linear Regression,955419.9329328969,933924.44
4719,34,Linear Regression,1132912.9187112155,1620748.25
4748,34,Linear Regression,912447.5103642283,903882.96
4764,34,Linear Regression,1043186.9991058247,1015654.6
4805,34,Linear Regression,911174.1376439219,933487.71
4728,34,Linear Regression,936933.5331293624,1062629.3
4760,34,Linear Regression,904354.4455695834,943912.77
4768,34,Linear Regression,1132588.0949733737,1345595.82
4704,34,Linear Regression,944718.2938256057,911210.81
4691,34,Linear Regression,890938.565547085,942868.38
4710,34,Linear Regression,920066.9382628778,936293.6
4765,34,Linear Regression,987254.6245248761,943951.67
4758,34,Linear Regression,936396.9632501127,902852.73
4694,34,Linear Regression,880273.8171299177,895800.07
4715,34,Linear Regression,1306965.532351938,994610.99
4767,34,Linear Regression,1094690.5333478556,947552.44
4797,34,Linear Regression,938931.9983137723,942970.63
4773,34,Linear Regression,910638.4161267725,977062.44
4734,34,Linear Regression,962463.875472328,963910.81
4717,34,Linear Regression,1094483.0108967465,979730.78
4708,34,Linear Regression,995131.5515569742,1086661.02
4774,34,Linear Regression,1139766.3684067405,913755.12
4744,34,Linear Regression,924231.0780304215,968258.09
4772,34,Linear Regression,1465140.1208383352,965512.36
4692,34,Linear Regression,907144.1984694703,987435.35
4703,34,Linear Regression,967264.1138033553,950684.2
4740,34,Linear Regression,960128.4477443816,966232.69
4784,34,Linear Regression,912581.7548814894,938861.77
4790,34,Linear Regression,950938.956843551,998672.85
4741,34,Linear Regression,920387.5322872796,945018.83
4895,35,Linear Regression,886016.5068756317,820288.35
4933,35,Linear Regression,835048.5817107728,822167.17
4848,35,Linear Regression,1075607.8515428999,758069.78
4822,35,Linear Regression,1123963.223941258,1117536.09
4942,35,Linear Regression,871266.724314041,841224.74
4862,35,Linear Regression,1271202.65421959,576332.05
4831,35,Linear Regression,1041021.0778012311,1104277.57
4861,35,Linear Regression,915927.8025227428,1779236.54
4890,35,Linear Regression,866435.2621241729,813845.5
4906,35,Linear Regression,959077.2780861183,859258.17
4947,35,Linear Regression,872864.975973734,931278.97
4870,35,Linear Regression,713094.564452808,865305.88
4902,35,Linear Regression,761535.3667855955,855130.21
4910,35,Linear Regression,1072844.7521124505,1733822.4
4846,35,Linear Regression,1048770.4567852519,1268766.76
4833,35,Linear Regression,1042717.1570088944,1223777.48
4852,35,Linear Regression,983956.9965452598,827705.82
4907,35,Linear Regression,796955.7299654413,830601.39
4900,35,Linear Regression,908871.2267884447,705802.45
4836,35,Linear Regression,1109492.4019901648,1230245.74
4857,35,Linear Regression,1413933.21245141,1168815.31
4909,35,Linear Regression,910919.5713490776,820964.1
4939,35,Linear Regression,900448.0222999677,892133.41
4915,35,Linear Regression,815642.1399406391,932195.52
4876,35,Linear Regression,730726.3870672171,850448.54
4859,35,Linear Regression,1071673.7626995335,870914.69
4850,35,Linear Regression,915248.1823132492,1108580.19
4916,35,Linear Regression,935793.6949648814,625135.11
4886,35,Linear Regression,796044.0765367291,828594.86
4914,35,Linear Regression,1219174.4724906127,904650.55
4834,35,Linear Regression,1051180.4594700295,1180183.39
4845,35,Linear Regression,1065720.227059467,1198014.97
4882,35,Linear Regression,829836.6234058404,826155.95
4926,35,Linear Regression,706317.4709706908,744525.69
4932,35,Linear Regression,827665.3520263212,819196.68
4883,35,Linear Regression,792364.6770612332,776838.56
5037,36,Linear Regression,377670.6738598502,373267.58
5075,36,Linear Regression,299015.48856175167,306098.17
4990,36,Linear Regression,422590.2664250061,419348.59
4964,36,Linear Regression,409203.41649758595,428851.99
5084,36,Linear Regression,312373.5088593273,303289.55
5004,36,Linear Regression,413083.80672985606,359310.65
4973,36,Linear Regression,454779.3636492236,476733.74
5003,36,Linear Regression,419549.8555147997,422093.59
5032,36,Linear Regression,382565.3573044039,385631.48
5048,36,Linear Regression,386342.29812865285,401501.2
5089,36,Linear Regression,279728.55922622455,282647.48
5012,36,Linear Regression,375105.62938004,427175.03
5044,36,Linear Regression,383237.4080323643,374182.04
5052,36,Linear Regression,334813.15123535675,332811.55
4988,36,Linear Regression,453345.0528541891,471713.59
4975,36,Linear Regression,448387.69585666904,447050.42
4994,36,Linear Regression,416886.68119187513,424956.3
5049,36,Linear Regression,399521.55508358264,407506.78
5042,36,Linear Regression,354624.32700859744,322405.13
4978,36,Linear Regression,447376.3433573994,434879.87
4999,36,Linear Regression,424677.5423641447,469563.7
5051,36,Linear Regression,346668.4594538634,332901.94
5081,36,Linear Regression,285467.1604126369,291530.43
5057,36,Linear Regression,330976.5397734396,306005.53
5018,36,Linear Regression,393809.9685765601,402579.84
5001,36,Linear Regression,445193.45737122995,425804.8
4992,36,Linear Regression,442663.9527897297,404545.03
5058,36,Linear Regression,320558.0040883904,325976.34
5028,36,Linear Regression,386876.2552730885,394645.25
5056,36,Linear Regression,320910.2050351063,287425.22
4976,36,Linear Regression,449184.3487655416,467442.94
4987,36,Linear Regression,460974.75953469594,453016.91
5024,36,Linear Regression,362516.7146884445,395316.65
5068,36,Linear Regression,285729.1206767703,304144.9
5074,36,Linear Regression,302335.12053832243,324801.13
5025,36,Linear Regression,380836.7558541259,376183.44
5179,37,Linear Regression,508185.31454596313,506897.98
5217,37,Linear Regression,511919.04244134383,540625.79
5132,37,Linear Regression,509278.7197428132,494265.48
5106,37,Linear Regression,507370.5745546976,460020.74
5226,37,Linear Regression,512212.8909622072,503744.56
5146,37,Linear Regression,528178.8543672092,460331.7
5115,37,Linear Regression,498248.6395294226,505196.08
5145,37,Linear Regression,522135.1971662001,576809.92
5174,37,Linear Regression,499631.54715383396,498749.62
5190,37,Linear Regression,543223.9456133795,522514.32
5231,37,Linear Regression,509606.8543744129,538344.1
5154,37,Linear Regression,537052.3841596234,536840.69
5186,37,Linear Regression,521251.4807591947,509647.25
5194,37,Linear Regression,523692.4491491701,522554.04
5130,37,Linear Regression,504886.0785176429,502456.04
5117,37,Linear Regression,492192.5353279972,532241.22
5136,37,Linear Regression,511649.10740917793,510425.4
5191,37,Linear Regression,542687.3623575845,505610.4
5184,37,Linear Regression,516919.36122055765,516556.94
5120,37,Linear Regression,490928.67419108184,485419.39
5141,37,Linear Regression,536454.9163916009,529852.7
5193,37,Linear Regression,528238.119527975,527495.09
5223,37,Linear Regression,492849.52644836094,508309.81
5199,37,Linear Regression,513027.1148173681,531811.85
5160,37,Linear Regression,524661.1397803779,527572.25
5143,37,Linear Regression,528414.930217286,517546.69
5134,37,Linear Regression,534297.2744658962,511207.52
5200,37,Linear Regression,549530.154426091,546221.4
5170,37,Linear Regression,519790.3831257393,525132.36
5198,37,Linear Regression,543787.7746670467,451327.61
5118,37,Linear Regression,494284.9544326932,508576.62
5129,37,Linear Regression,518651.68761102826,513327.55
5166,37,Linear Regression,513409.45967627736,511871.63
5210,37,Linear Regression,531969.3238960671,533734.94
5216,37,Linear Regression,528538.9701936181,534847.96
5167,37,Linear Regression,502454.00480655034,533564.42
5321,38,Linear Regression,379497.48286648694,362224.7
5359,38,Linear Regression,405637.3816594192,422810.12
5274,38,Linear Regression,318549.32580828085,330604.9
5248,38,Linear Regression,351833.55612925615,333025.47
5368,38,Linear Regression,423426.9962260671,441683.74
5288,38,Linear Regression,341454.4047940265,303908.81
5257,38,Linear Regression,342233.3048334483,346174.3
5287,38,Linear Regression,330635.97431419545,369106.72
5316,38,Linear Regression,391210.79622418346,367181.71
5332,38,Linear Regression,407932.3060203449,377672.46
5373,38,Linear Regression,410855.21300244506,424904.95
5296,38,Linear Regression,354980.57155573246,364606.7
5328,38,Linear Regression,409850.41533879796,381763.02
5336,38,Linear Regression,407046.8954944652,393715.71
5272,38,Linear Regression,335874.6554935163,343850.34
5259,38,Linear Regression,327168.3123093734,326469.43
5278,38,Linear Regression,323540.0762660561,339042.18
5333,38,Linear Regression,394079.18558861996,357897.18
5326,38,Linear Regression,365059.9550139003,394665.28
5262,38,Linear Regression,317066.32434545207,322046.76
5283,38,Linear Regression,385494.4648387485,342214.9
5335,38,Linear Regression,393808.68625097896,392003.13
5365,38,Linear Regression,411693.9776164062,404634.36
5341,38,Linear Regression,442959.5628822976,435579.7
5302,38,Linear Regression,412842.5782373288,405429.43
5285,38,Linear Regression,351152.2706272578,340147.2
5276,38,Linear Regression,355746.09128419065,355965.23
5342,38,Linear Regression,442536.4719419181,423260.82
5312,38,Linear Regression,370865.0415260323,356797.0
5340,38,Linear Regression,404264.3100510195,342667.35
5260,38,Linear Regression,351269.6700745437,378574.44
5271,38,Linear Regression,374666.5179275286,341630.46
5308,38,Linear Regression,395843.8253910738,366977.79
5352,38,Linear Regression,414048.35746729,408679.36
5358,38,Linear Regression,439804.7491811057,412314.71
5309,38,Linear Regression,368307.50906105584,365730.76
5463,39,Linear Regression,1407837.8357516762,1629066.9
5501,39,Linear Regression,1504628.2205238189,1596036.66
5416,39,Linear Regression,1351056.1983819385,1199449.54
5390,39,Linear Regression,1358769.8920792926,1301590.13
5510,39,Linear Regression,1481668.5711971154,1582168.27
5430,39,Linear Regression,1829708.9561395543,1230012.16
5399,39,Linear Regression,1250011.6565018788,1226997.7
5429,39,Linear Regression,1474650.8296108807,2495489.25
5458,39,Linear Regression,1391932.0312447748,1380257.12
5474,39,Linear Regression,1441922.4168788753,1227893.89
5515,39,Linear Regression,1591629.6504095865,1710923.94
5438,39,Linear Regression,1276851.0529201003,1335233.74
5470,39,Linear Regression,1401069.657745426,1442092.08
5478,39,Linear Regression,1726161.7312113342,2338832.4
5414,39,Linear Regression,1345794.9477212862,1330473.47
5401,39,Linear Regression,1280673.204481902,1365541.59
5420,39,Linear Regression,1365036.7571881104,1261109.01
5475,39,Linear Regression,1293788.4767466974,1283716.81
5468,39,Linear Regression,1494636.131433742,1338657.95
5404,39,Linear Regression,1358228.0951487157,1280414.8
5425,39,Linear Regression,1772521.004559544,1266229.07
5477,39,Linear Regression,1613994.347583586,1510397.27
5507,39,Linear Regression,1581634.6925007955,1492388.98
5483,39,Linear Regression,1600148.4427603649,1640476.77
5444,39,Linear Regression,1271529.0593845563,1316385.43
5427,39,Linear Regression,1537768.0625339786,1291398.71
5418,39,Linear Regression,1374934.0154259996,1630564.48
5484,39,Linear Regression,1678927.3535574407,1369125.37
5454,39,Linear Regression,1312896.894814432,1451392.67
5482,39,Linear Regression,2359977.037733644,1537139.56
5402,39,Linear Regression,1356071.2225105197,1409989.67
5413,39,Linear Regression,1348058.2104118639,1327035.27
5450,39,Linear Regression,1502051.0396512973,1325022.77
5494,39,Linear Regression,1506432.656889938,1499727.02
5500,39,Linear Regression,1523025.0038210636,1522978.54
5451,39,Linear Regression,1456762.0551586256,1373907.21
5605,40,Linear Regression,1023941.9776250223,943237.12
5643,40,Linear Regression,908285.2050294885,991054.49
5558,40,Linear Regression,915514.2462865703,844373.31
5532,40,Linear Regression,881802.6991892157,894865.3
5652,40,Linear Regression,936012.4809455611,968502.38
5572,40,Linear Regression,1158428.4793852,811318.3
5541,40,Linear Regression,983986.801687713,907262.47
5571,40,Linear Regression,1006395.8742757821,1648829.18
5600,40,Linear Regression,987304.2146876026,953252.14
5616,40,Linear Regression,971134.4047235167,931939.52
5657,40,Linear Regression,894520.517471313,987264.67
5580,40,Linear Regression,821968.5724471196,968694.45
5612,40,Linear Regression,907159.7030437393,984336.04
5620,40,Linear Regression,1070844.3454982354,1230011.95
5556,40,Linear Regression,927928.887429184,1058250.91
5543,40,Linear Regression,847783.876070513,1008483.07
5562,40,Linear Regression,973041.4222225089,882180.91
5617,40,Linear Regression,877642.7244260595,860255.58
5610,40,Linear Regression,986259.8754143695,876583.98
5546,40,Linear Regression,916190.9622538204,940405.03
5567,40,Linear Regression,1094850.9330504553,955338.29
5619,40,Linear Regression,1076761.5511985277,905399.99
5649,40,Linear Regression,980480.4860422458,988764.84
5625,40,Linear Regression,1004442.0838787124,1037464.27
5586,40,Linear Regression,943080.3932544146,977070.62
5569,40,Linear Regression,1040219.4417218842,935481.32
5560,40,Linear Regression,1004596.4683917206,1111215.72
5626,40,Linear Regression,1070656.75737108,780607.52
5596,40,Linear Regression,924029.9095137066,971422.67
5624,40,Linear Regression,1282410.910941753,908853.15
5544,40,Linear Regression,982100.261258105,1057295.87
5555,40,Linear Regression,965616.5495640918,919839.19
5592,40,Linear Regression,927040.063122365,903864.02
5636,40,Linear Regression,853863.5881982833,871945.64
5642,40,Linear Regression,971368.9999610401,896295.41
5593,40,Linear Regression,861818.0307874001,907110.83
5747,41,Linear Regression,1306205.1121259963,1412959.97
5785,41,Linear Regression,1307440.1336368546,1424500.47
5700,41,Linear Regression,1159253.3858473483,1110941.78
5674,41,Linear Regression,1122547.3989086372,1006597.69
5794,41,Linear Regression,1343994.3056016064,1347175.93
5714,41,Linear Regression,1682033.3170055244,1001790.16
5683,41,Linear Regression,1161486.6079150294,1116439.02
5713,41,Linear Regression,1267103.848870135,2225016.73
5742,41,Linear Regression,1211389.2385376268,1245772.7
5758,41,Linear Regression,1248740.941376496,1150003.36
5799,41,Linear Regression,1390854.1565589113,1360517.52
5722,41,Linear Regression,1041739.4755709093,1203399.64
5754,41,Linear Regression,1201046.4168157312,1311690.11
5762,41,Linear Regression,1443652.3171683797,1906713.35
5698,41,Linear Regression,1193440.1849600798,1176079.59
5685,41,Linear Regression,1095186.8128644165,1246654.24
5704,41,Linear Regression,1234570.679768196,1156003.7
5759,41,Linear Regression,1087305.7884361132,1159089.6
5752,41,Linear Regression,1307104.72411911,1173059.79
5688,41,Linear Regression,1170947.8106500343,1174209.52
5709,41,Linear Regression,1482082.623912748,1075656.34
5761,41,Linear Regression,1399493.7302730747,1230118.02
5791,41,Linear Regression,1373476.0538200673,1355600.01
5767,41,Linear Regression,1376289.297375335,1374891.36
5728,41,Linear Regression,1135600.8680804297,1229257.7
5711,41,Linear Regression,1361570.9055848536,1175326.23
5702,41,Linear Regression,1264961.7212464367,1434908.13
5768,41,Linear Regression,1540482.555061159,1134767.28
5738,41,Linear Regression,1169360.6368084745,1289151.84
5766,41,Linear Regression,1909418.0819941447,1264014.16
5686,41,Linear Regression,1250781.234314829,1338132.72
5697,41,Linear Regression,1227075.5273061157,1082158.21
5734,41,Linear Regression,1260138.8806867534,1270025.74
5778,41,Linear Regression,1257131.4547961133,1239423.19
5784,41,Linear Regression,1290109.9233497994,1331514.44
5735,41,Linear Regression,1196671.0373422299,1244542.33
5889,42,Linear Regression,545168.1122287866,526641.23
5927,42,Linear Regression,537803.261821985,535764.58
5842,42,Linear Regression,487392.9821766245,492262.96
5816,42,Linear Regression,502925.3238967258,519914.1
5936,42,Linear Regression,592963.4970006208,530318.39
5856,42,Linear Regression,546210.8240649904,428953.6
5825,42,Linear Regression,528480.8255194812,564345.55
5855,42,Linear Regression,524838.0303306719,555075.27
5884,42,Linear Regression,582589.7796834953,591703.82
5900,42,Linear Regression,653364.0628728775,628063.88
5941,42,Linear Regression,496885.23736702005,504760.57
5864,42,Linear Regression,514387.4133473227,556485.1
5896,42,Linear Regression,601848.9723580524,616701.99
5904,42,Linear Regression,584394.9282930214,577698.37
5840,42,Linear Regression,567923.5554056218,570069.48
5827,42,Linear Regression,484313.57598696975,484097.03
5846,42,Linear Regression,513390.05807517027,522467.51
5901,42,Linear Regression,638653.6402558382,607294.56
5894,42,Linear Regression,509989.1838259177,528486.45
5830,42,Linear Regression,492990.89096496656,484327.56
5851,42,Linear Regression,615078.0647320272,575709.96
5903,42,Linear Regression,562813.6438810775,567673.87
5933,42,Linear Regression,530156.4362873643,507403.77
5909,42,Linear Regression,597942.6280583561,521953.78
5870,42,Linear Regression,612448.0034731732,570879.04
5853,42,Linear Regression,592068.7986929549,588592.61
5844,42,Linear Regression,577834.5505425652,585175.24
5910,42,Linear Regression,602300.0045859049,664348.2
5880,42,Linear Regression,566936.2961745379,546675.65
5908,42,Linear Regression,566494.7437875232,454412.28
5828,42,Linear Regression,528921.8908688573,579544.21
5839,42,Linear Regression,594878.1569579148,582552.26
5876,42,Linear Regression,576282.3219795047,603024.75
5920,42,Linear Regression,524801.0010012789,544408.14
5926,42,Linear Regression,585908.5782070337,590636.38
5877,42,Linear Regression,560721.2681753782,524559.95
6031,43,Linear Regression,597074.3698863832,663396.32
6069,43,Linear Regression,608749.755420702,597406.39
5984,43,Linear Regression,651803.4141200649,650263.95
5958,43,Linear Regression,650726.5324988259,668098.49
6078,43,Linear Regression,630087.0763585808,596554.05
5998,43,Linear Regression,600529.6725460957,534740.3
5967,43,Linear Regression,646688.5981641351,690851.59
5997,43,Linear Regression,619168.8036108906,656637.63
6026,43,Linear Regression,631337.217607059,631827.38
6042,43,Linear Regression,641215.5693154532,635650.98
6083,43,Linear Regression,569869.0656753732,593141.29
6006,43,Linear Regression,576040.7705046744,626627.77
6038,43,Linear Regression,636989.0460236539,643041.71
6046,43,Linear Regression,614458.6463383709,669965.22
5982,43,Linear Regression,696700.9522998432,718748.33
5969,43,Linear Regression,645153.5874533678,630315.76
5988,43,Linear Regression,636793.0356457469,680943.03
6043,43,Linear Regression,631713.8033999159,629026.75
6036,43,Linear Regression,571174.4271579643,586108.13
5972,43,Linear Regression,652190.7234938557,625196.14
5993,43,Linear Regression,678163.8923616717,682918.99
6045,43,Linear Regression,599840.333406401,628115.61
6075,43,Linear Regression,603275.4765190862,593128.13
6051,43,Linear Regression,654404.8658786202,605078.62
6012,43,Linear Regression,643567.4152430064,616345.25
5995,43,Linear Regression,646690.48997445,595421.23
5986,43,Linear Regression,692073.2244397312,598679.02
6052,43,Linear Regression,629029.0097387286,663529.64
6022,43,Linear Regression,622973.3395997504,665781.74
6050,43,Linear Regression,637423.2236733227,505405.85
5970,43,Linear Regression,677248.3108059781,698536.06
5981,43,Linear Regression,713815.3639288449,693058.34
6018,43,Linear Regression,627872.7782416503,684655.91
6062,43,Linear Regression,600971.5150429297,623258.4
6068,43,Linear Regression,621720.6693427837,648541.81
6019,43,Linear Regression,608947.4361336485,648330.18
6173,44,Linear Regression,307091.52148907626,290909.69
6211,44,Linear Regression,328310.95941566245,343268.29
6126,44,Linear Regression,284918.9400820919,281313.78
6100,44,Linear Regression,263442.1994678455,269624.2
6220,44,Linear Regression,337734.4799893551,337819.16
6140,44,Linear Regression,282467.9936856666,241937.11
6109,44,Linear Regression,274638.7249951828,286515.92
6139,44,Linear Regression,284395.341865023,365098.24
6168,44,Linear Regression,305685.1117124359,289201.21
6184,44,Linear Regression,296790.9922440033,307486.73
6225,44,Linear Regression,340888.39407971647,339490.69
6148,44,Linear Regression,290182.6151055062,280785.76
6180,44,Linear Regression,301377.5049260011,308770.42
6188,44,Linear Regression,314079.4005378063,309129.01
6124,44,Linear Regression,287821.6568056823,280472.78
6111,44,Linear Regression,277132.7230237548,291891.01
6130,44,Linear Regression,287729.9439006217,270110.3
6185,44,Linear Regression,298048.5770098878,284496.14
6178,44,Linear Regression,312967.55136064603,307409.13
6114,44,Linear Regression,279644.0197678394,288247.24
6135,44,Linear Regression,287359.0710512347,286857.13
6187,44,Linear Regression,318978.8443793338,310531.04
6217,44,Linear Regression,329870.007317766,338386.08
6193,44,Linear Regression,316484.44798680255,323410.94
6154,44,Linear Regression,284670.39635321865,293984.54
6137,44,Linear Regression,290269.8775337565,281909.79
6128,44,Linear Regression,281899.5186478456,278253.28
6194,44,Linear Regression,323121.0814113963,312361.88
6164,44,Linear Regression,299898.4732432341,300255.87
6192,44,Linear Regression,316703.86494558287,263917.85
6112,44,Linear Regression,283951.96703496535,296804.49
6123,44,Linear Regression,276499.46502441075,257361.3
6160,44,Linear Regression,289358.0575587228,307095.31
6204,44,Linear Regression,333549.70825445047,310027.29
6210,44,Linear Regression,324408.6294055467,334042.43
6161,44,Linear Regression,288843.1773473178,303559.23
6315,45,Linear Regression,733710.1180055726,712362.72
6353,45,Linear Regression,718167.3587697824,817741.17
6268,45,Linear Regression,755340.6388580725,678228.58
6242,45,Linear Regression,813097.8252268218,773819.49
6362,45,Linear Regression,683607.0627762305,737613.65
6282,45,Linear Regression,1381792.397062092,679156.2
6251,45,Linear Regression,766316.5565785576,758182.2
6281,45,Linear Regression,980854.3528055529,1682862.03
6310,45,Linear Regression,705908.1761944725,748435.2
6326,45,Linear Regression,799986.7207598743,766456.0
6367,45,Linear Regression,710390.936566639,734297.87
6290,45,Linear Regression,686595.2678173928,802253.41
6322,45,Linear Regression,714317.4907277127,814395.17
6330,45,Linear Regression,982738.9540319821,1170672.94
6266,45,Linear Regression,734326.1938309347,787062.0
6253,45,Linear Regression,692748.587939165,801098.43
6272,45,Linear Regression,818311.6174568648,730899.37
6327,45,Linear Regression,708597.8707632939,714014.73
6320,45,Linear Regression,786538.1541703048,714106.42
6256,45,Linear Regression,733402.4532188801,792299.15
6277,45,Linear Regression,1065875.8242324446,656988.64
6329,45,Linear Regression,915323.1930853697,773603.77
6359,45,Linear Regression,763462.671112176,773367.71
6335,45,Linear Regression,794024.382111214,837144.63
6296,45,Linear Regression,739959.4351874869,761880.36
6279,45,Linear Regression,881431.6023184174,765648.93
6270,45,Linear Regression,838834.0186000831,1002364.34
6336,45,Linear Regression,942349.030027687,676615.53
6306,45,Linear Regression,740434.6466954355,811153.67
6334,45,Linear Regression,1403026.4878813978,869403.63
6254,45,Linear Regression,769149.2839562899,746517.32
6265,45,Linear Regression,713810.8905530438,833782.7
6302,45,Linear Regression,776886.7316788721,793889.1
6346,45,Linear Regression,699592.995939852,777254.06
6352,45,Linear Regression,728980.0663623234,800842.28
6303,45,Linear Regression,789093.2524879235,727163.67
