,Store,Prediction,Actual
108,1,1758952.7238419354,1769854.16
105,1,1549937.1305668573,1555444.55
35,1,1454028.8675614127,1495064.75
124,1,1863232.0497825793,1802477.43
53,1,1566194.2386600638,1624383.75
69,1,1609135.6742480888,1540471.24
93,1,1524975.7384260625,1539387.83
46,1,1549023.661169085,1541102.38
54,1,1556711.288806005,1604775.58
121,1,1519102.2357955154,1517428.87
31,1,1452520.9533476862,1494479.49
42,1,1712138.4427915127,1686842.78
77,1,1470820.4958720221,1445249.09
88,1,1474067.3840982593,1459601.17
111,1,1534587.673033007,1540421.49
123,1,1474998.5515360162,1437059.26
17,1,1547288.0916095944,1545418.53
58,1,1497472.143805951,1532114.86
4,1,1415219.0889948574,1399662.07
67,1,1547727.2015157999,1530761.43
55,1,1391366.4997997277,1428218.27
44,1,1611413.150656046,1635078.41
51,1,1567714.9986215755,1564819.81
33,1,2264937.998401022,2387950.2
83,1,1453008.1622085962,1525147.09
117,1,1579029.621388689,1597868.05
82,1,2061334.590786086,2033320.66
12,1,1379988.6553412331,1371986.6
2,1,1570942.651598834,1551659.28
62,1,1440388.845717057,1455119.97
78,1,1691912.4637829533,1649614.93
113,1,1510988.466724961,1527014.04
116,1,1674247.2155995169,1697230.96
208,2,1904636.9476581814,1853161.99
246,2,1993218.9533795298,2000940.67
161,2,1809846.0151908188,1793903.6
135,2,2053508.2775524706,2015781.27
255,2,1852697.9690642445,1830075.13
175,2,2828908.3935812805,3436007.68
144,2,1951339.440586332,1939061.41
174,2,2334936.997363699,2609166.75
203,2,1921609.880357078,1837553.43
219,2,1854457.6137377017,1769296.25
260,2,1861948.2156546924,1876788.15
183,2,1945151.726034561,1954952.0
215,2,1747043.5322729123,1650394.44
223,2,1908850.8982587964,1902762.5
159,2,1946666.1786180462,1954689.21
146,2,1891295.9007743893,1896937.1
165,2,1818499.8329773701,1794355.49
220,2,2256344.613020759,2168041.61
213,2,1738719.881898493,1691439.52
149,2,1945686.9499669587,2001636.96
170,2,2490147.6883007144,2658725.29
222,2,1949065.6981411707,1920725.15
252,2,1889192.9559454788,1887733.21
228,2,1815698.8376997923,1874226.52
189,2,2029555.2632358046,1929346.23
172,2,1908409.615554692,1990483.78
163,2,1948553.8374119531,1839128.83
229,2,1795442.8309625692,1910092.37
199,2,1889500.26149858,1837743.6
227,2,2819018.0995441,3224369.8
147,2,1915710.8232800132,1957113.89
158,2,1854537.4598387326,1863840.49
195,2,1851422.6141560993,1876704.26
239,2,1786076.4120724797,1790439.16
245,2,2020251.602190549,1998321.04
196,2,1835588.3883869275,1838513.07
350,3,402610.7487047792,395146.24
388,3,415197.96733530523,418112.76
303,3,367712.5378849652,363064.64
277,3,468347.86529793486,476420.77
397,3,411826.82427418116,416913.1
317,3,534303.4534664005,605990.41
286,3,407079.5263203179,423175.56
316,3,466388.4625323962,498159.39
345,3,407304.6603441829,403342.4
361,3,401762.7966604596,389540.62
402,3,408145.01329498284,412449.67
325,3,457493.83067737665,472511.32
357,3,379745.4512296377,368477.93
365,3,400457.94960250304,398838.97
301,3,418472.93217774574,415870.28
288,3,333025.8265822314,343763.17
307,3,353768.27472501976,345584.39
362,3,450622.13563843037,430526.21
355,3,383338.10033909965,375629.51
291,3,354439.5908252472,364076.85
312,3,546448.7891102664,565567.84
364,3,414428.74223670893,407764.25
394,3,412637.162110285,419497.95
370,3,398125.5180992547,410553.88
331,3,443515.8986551185,438516.53
314,3,370308.33671748475,384200.69
305,3,371660.47040707554,352260.97
371,3,416970.1331719343,432268.53
341,3,415616.06676516996,413042.12
369,3,511536.8658522129,551221.21
289,3,339475.9269164223,350089.23
300,3,369117.31824630057,362134.09
337,3,394077.54779537814,409981.25
381,3,411883.48782053357,413907.25
387,3,442880.02604277444,443557.65
338,3,376100.8469363083,386312.68
492,4,2063857.3165569236,2066541.86
530,4,2235105.730837176,2207214.81
445,4,1923347.631090574,1899959.61
419,4,2189281.4302900042,2102530.17
539,4,2113149.592289172,2100252.61
459,4,3056912.3316009967,3526713.39
428,4,2081721.735501768,2013115.79
458,4,2526281.4323477848,2740057.14
487,4,2233149.121176247,2166737.65
503,4,2176985.0974658844,2151659.59
544,4,2137866.8545231167,2125241.68
467,4,2229248.5939768893,2180999.26
499,4,1931976.8757272111,1929486.63
507,4,2234555.2151473267,2243946.59
443,4,1862576.9055830063,1818452.72
430,4,1899475.4839874993,1903752.6
449,4,1927093.9200552683,1867345.09
504,4,2191599.9314301256,2187847.29
497,4,2070028.3075326555,2075577.33
433,4,1876880.6391518218,1929736.35
454,4,2699587.6651413385,2789469.45
506,4,2228048.1400219314,2203028.96
536,4,2166181.172343563,2197299.65
512,4,1976642.4284879998,2007105.86
473,4,2170967.047681758,2119086.04
456,4,1766090.5633393703,1894324.09
447,4,1945247.7440865706,1865820.81
513,4,2003626.5390913421,2179360.94
483,4,2112405.395145782,2063682.76
511,4,3270201.256755043,3676388.98
431,4,1843846.5174971528,1857533.7
442,4,1856129.034703621,1848403.92
479,4,2114739.578020171,2160057.39
523,4,2086038.2773875496,2091592.54
529,4,2297058.207205777,2209835.43
480,4,2000542.2835067988,2002362.37
634,5,321049.7983963185,310804.93
672,5,334025.3872442489,336189.66
587,5,287127.0974986468,282558.65
561,5,342728.5248462196,344490.88
681,5,313288.16240447335,316203.64
601,5,419026.4868493645,466010.25
570,5,326512.1640593622,325310.3
600,5,337621.9492966668,367801.19
629,5,314397.6944387077,309111.47
645,5,311294.5640270223,307035.11
686,5,317128.82039564505,320831.36
609,5,368493.7305302112,376225.61
641,5,300962.9584345297,292315.38
649,5,311804.11709975806,307944.37
585,5,325817.49546231586,328020.49
572,5,298124.21319670224,301615.49
591,5,285703.13287349785,280681.2
646,5,324319.5511178814,311590.54
639,5,288033.01265206514,278529.71
575,5,310734.1315202728,313795.6
596,5,474090.63695229223,488362.61
648,5,316688.19298220583,311906.7
678,5,322117.9545686596,325041.68
654,5,337381.54997677315,349624.88
615,5,338436.70611906727,329613.2
598,5,279945.62878151966,297293.59
589,5,319303.9981553244,306533.08
655,5,361126.2221798433,359867.8
625,5,318275.1380544793,322904.68
653,5,438166.6684284613,458562.24
573,5,305986.5671974787,310013.11
584,5,291468.40879694396,288519.75
621,5,307122.53077882045,317738.56
665,5,322727.9526732909,321299.99
671,5,343663.9447724331,343048.29
622,5,283419.7135461982,290930.01
776,6,1700343.0998493605,1709373.62
814,6,1563679.8542553268,1513635.64
729,6,1329690.4325408237,1308537.75
703,6,1722366.4848241312,1677067.24
823,6,1560114.0010210518,1588142.26
743,6,2322010.944447198,2727575.18
712,6,1479805.6033550953,1505442.15
742,6,1922267.932477749,2090268.95
771,6,1535902.6177924697,1481739.2
787,6,1471698.048184017,1419445.12
828,6,1453535.5509329988,1501095.49
751,6,1629288.6829519477,1688531.34
783,6,1384424.017979624,1307551.92
791,6,1552553.9651778482,1524390.07
727,6,1617470.2991729034,1667181.82
714,6,1520529.8370315188,1531938.44
733,6,1375315.8009509172,1344580.92
788,6,1637007.7924745064,1486920.17
781,6,1363412.5902537578,1351407.79
717,6,1604206.8273050701,1677248.24
738,6,2165161.4155436307,2267452.4
790,6,1572303.1078372821,1536176.54
820,6,1599552.617129889,1618272.25
796,6,1501053.570564457,1598080.52
757,6,1573021.3926832722,1514999.17
740,6,1527241.9005579806,1558621.36
731,6,1529936.184797727,1424225.44
797,6,1545642.0965399314,1681121.38
767,6,1515675.6293440363,1504651.57
795,6,2327315.595633678,2644633.02
715,6,1597076.9132805606,1644470.66
726,6,1450074.307716185,1450766.12
763,6,1599767.973952806,1601584.57
807,6,1489650.1409788416,1495143.62
813,6,1567623.2776253363,1518177.71
764,6,1445553.606277048,1453185.65
918,7,712524.0631236453,761793.94
956,7,552617.5285026932,468428.3
871,7,452223.97368028417,489408.53
845,7,585668.6077783708,552811.62
965,7,667806.276420528,694150.89
885,7,928245.8779207314,1045124.88
854,7,531466.2927884987,480512.44
884,7,699896.411947892,716388.81
913,7,593553.2309627883,525866.36
929,7,514438.2299618545,527339.52
970,7,568168.7939672745,609099.37
893,7,543908.703861434,591907.88
925,7,462425.7304772439,488880.26
933,7,551270.0847950295,539826.56
869,7,454708.9757112345,484263.25
856,7,434469.0753020451,395195.65
875,7,460968.986195981,463370.48
930,7,585564.7691882873,559903.13
923,7,510385.92701913,558981.45
859,7,499729.7366269255,481144.09
880,7,811443.3531897012,835189.26
932,7,573840.4131446711,556015.59
962,7,721767.1652967168,687344.68
938,7,786056.1668498137,815915.52
899,7,544291.7351578615,558027.77
882,7,475402.26929528534,480452.1
873,7,514563.7270762195,535769.32
939,7,557029.9599393428,598495.02
909,7,473134.6114793936,407012.47
937,7,958477.3778909914,1059715.27
857,7,462818.25485180324,442734.55
868,7,567268.1012873112,554309.24
905,7,694414.6538109743,695392.84
949,7,607463.311761681,615997.29
955,7,525772.0921827822,505830.56
906,7,440089.5479670541,414094.05
1060,8,881822.1206013033,861965.12
1098,8,920656.8800147022,913922.01
1013,8,841140.7911974847,836707.85
987,8,974265.5365825203,952766.93
1107,8,888374.2498823431,890488.01
1027,8,1320730.837318312,1511641.09
996,8,919522.1060069103,927266.34
1026,8,1122749.4825006023,1220579.55
1055,8,930618.0768351151,929976.55
1071,8,896784.5375943873,876712.31
1112,8,929550.8008550622,936373.65
1035,8,933965.8431315987,986601.46
1067,8,834352.8585487877,809049.37
1075,8,897405.4507224024,897032.19
1011,8,922441.4250069859,916033.92
998,8,819593.3605333396,818333.21
1017,8,838890.9589130447,826546.96
1072,8,1031708.140278769,996147.39
1065,8,886524.0845291123,870971.82
1001,8,857891.4193440754,869922.56
1022,8,1209556.484439553,1261693.16
1074,8,923648.6895323974,917088.48
1104,8,907394.4784166185,899449.65
1080,8,831618.4590548204,858572.22
1041,8,982146.8474671773,944594.78
1024,8,827581.9332408378,860336.16
1015,8,866998.6496066852,831425.2
1081,8,880424.7782875657,921161.2
1051,8,950967.3709256559,941457.34
1079,8,1338969.8098450187,1462254.05
999,8,851547.4569194275,868041.56
1010,8,891727.9217601334,888816.78
1047,8,875328.3240334343,892393.77
1091,8,876952.1543658746,874223.25
1097,8,970024.9388118153,976436.02
1048,8,883659.3850021104,895763.41
1202,9,544108.9517369973,535983.13
1240,9,569656.9681741659,571463.93
1155,9,471433.5867891573,463448.59
1129,9,591083.3468102084,578164.82
1249,9,533350.660068469,536537.64
1169,9,776910.7368040201,873347.55
1138,9,523781.67925668415,517869.97
1168,9,637735.5233519538,685243.2
1197,9,548647.2412230311,553836.98
1213,9,548820.3767655796,548527.49
1254,9,571245.9651035037,572887.78
1177,9,603054.4822414645,613115.21
1209,9,523831.4913547992,508567.04
1217,9,537628.8132694138,542414.27
1153,9,522701.69057907065,529384.31
1140,9,495979.78620567237,506274.94
1159,9,476357.42321222223,454769.68
1214,9,568237.8061639277,555279.02
1207,9,513263.30386700307,500274.03
1143,9,502327.23258029483,513073.87
1164,9,749189.9804893018,768070.53
1216,9,586553.8333840538,594574.12
1246,9,561384.5122829475,562173.12
1222,9,525289.1108746269,549788.36
1183,9,568261.7529783101,544612.28
1166,9,472147.9219907545,494145.8
1157,9,511405.93612804404,484835.2
1223,9,550368.3990429813,583648.59
1193,9,546805.2588749066,545251.1
1221,9,829346.0389339292,905324.68
1141,9,538460.5160075794,558143.53
1152,9,507079.344999147,506789.66
1189,9,545131.0536147198,554879.67
1233,9,544230.2235981053,550791.32
1239,9,594220.1901989568,606755.3
1190,9,531128.9948342006,539126.0
1344,10,1759264.8986069893,1699708.38
1382,10,1783650.530075228,1795152.73
1297,10,1712476.0437294422,1716755.78
1271,10,2339855.7036356037,2251206.64
1391,10,1780713.8849047893,1765571.91
1311,10,2967407.776317272,3749057.69
1280,10,1866078.79993106,1832211.96
1310,10,2479435.998646923,2811646.85
1339,10,1912794.1183075523,1788227.6
1355,10,1884349.9562073913,1771792.97
1396,10,1780281.8397104878,1764984.15
1319,10,2063025.8486238893,2068097.18
1351,10,1691337.3646836362,1627707.31
1359,10,1922535.1990385163,1869087.85
1295,10,2006887.1437242646,2041069.37
1282,10,1817348.8087005324,1847613.58
1301,10,1741121.0434668656,1703850.25
1356,10,2194177.485895189,2115408.31
1349,10,1708644.1758251644,1650894.3
1285,10,1791791.185980271,1837636.24
1306,10,2745171.2833497366,2939946.38
1358,10,2120501.8963179234,2076570.84
1388,10,1749194.0017794666,1755334.18
1364,10,1837348.0092163738,1930690.37
1325,10,2055690.9391727648,1968045.91
1308,10,1837176.4689980017,1941346.13
1299,10,1846982.1813148116,1720530.23
1365,10,1568709.1435111417,1767471.48
1335,10,1879914.6230495672,1841369.99
1363,10,2926900.5308745774,3487986.89
1283,10,1853062.0750279424,1904618.17
1294,10,1729002.8843030664,1727565.42
1331,10,1828170.2145905048,1886299.98
1375,10,1824484.946647307,1837457.69
1381,10,1825539.3649778909,1758971.38
1332,10,1743012.3692908133,1712995.44
1486,11,1373331.7531322532,1334627.96
1524,11,1372192.6740503265,1352442.31
1439,11,1203817.3243798842,1215676.31
1413,11,1412040.6602224258,1380522.64
1533,11,1323098.614192312,1320239.51
1453,11,2036066.5038061305,2306265.36
1422,11,1335820.6651000201,1332759.13
1452,11,1713887.652086542,1843971.15
1481,11,1381246.3781922099,1346271.06
1497,11,1332667.4716121156,1310684.1
1538,11,1385271.4456790974,1409515.73
1461,11,1406635.4684147842,1399322.44
1493,11,1225498.0915644253,1190515.83
1501,11,1333866.734530186,1315091.63
1437,11,1428812.9490450886,1470308.32
1424,11,1251546.6407306632,1271646.62
1443,11,1197709.6986951344,1175003.67
1498,11,1454333.988476573,1419236.9
1491,11,1289519.3077567394,1270816.01
1427,11,1311398.8035936505,1336522.92
1448,11,1700609.338033869,1757242.51
1500,11,1378279.9419068694,1366053.69
1530,11,1370836.1903706384,1355680.3
1506,11,1326461.824990807,1352084.21
1467,11,1482098.941248451,1422546.05
1450,11,1293234.143562206,1331883.16
1441,11,1265039.342111037,1231428.46
1507,11,1298537.4715679993,1361595.33
1477,11,1343436.3452884138,1331453.41
1505,11,2033078.9097344736,2213518.5
1425,11,1246548.5126744048,1264272.52
1436,11,1301947.506392871,1311263.07
1473,11,1361423.6389614958,1403198.94
1517,11,1293028.5799567068,1300593.61
1523,11,1426736.6370771993,1422794.26
1474,11,1264861.1627094795,1277959.42
1628,12,976468.4132712685,943717.38
1666,12,989159.9033216496,1020486.05
1581,12,862373.9066292609,852882.61
1555,12,1113214.5435296202,1069533.17
1675,12,962442.2824485459,960312.75
1595,12,1512056.2788039483,1768249.89
1564,12,905999.098037658,929690.71
1594,12,1177944.728963296,1295605.35
1623,12,968138.2170285494,951244.66
1639,12,1028122.4493806673,990926.38
1680,12,1046671.9822368436,1048101.39
1603,12,1025983.278185129,1071383.1
1635,12,913726.1324594581,866401.45
1643,12,985385.4444241022,970641.34
1579,12,1037103.0314497023,1041238.87
1566,12,916509.112036391,958374.56
1585,12,886562.5706655808,862419.84
1640,12,1141568.1786867392,1086421.57
1633,12,925363.68751073,889290.23
1569,12,930549.5656725855,956211.2
1590,12,1520990.5903547225,1601377.41
1642,12,1100092.3471445534,1095091.53
1672,12,982324.1695035703,981386.25
1648,12,1039524.0213264875,1111638.07
1609,12,1089551.2539592343,1046068.17
1592,12,945549.8752328611,985594.23
1583,12,942653.5026268054,903119.03
1649,12,925628.6362109039,981345.2
1619,12,1025821.5136233738,1021154.48
1647,12,1457984.6478208017,1617612.03
1567,12,920492.2562857178,955451.16
1578,12,981025.7391305843,1004516.46
1615,12,958914.0863460395,988712.52
1659,12,1012388.5066070142,1045419.87
1665,12,959232.1524627017,979825.92
1616,12,966299.299900542,977033.5
1770,13,2020747.0263285278,2021699.38
1808,13,2142529.592136408,2131900.55
1723,13,1815465.2473163193,1790279.74
1697,13,2105551.5100951926,2083379.89
1817,13,1980836.2624723054,2002750.99
1737,13,3037658.8548868564,3595903.2
1706,13,1894076.7278681765,1854967.66
1736,13,2560153.8000991843,2771646.81
1765,13,2114276.667900139,2067232.56
1781,13,2004355.6790185014,1948733.81
1822,13,2039616.495055448,2059458.25
1745,13,1991139.2486228535,2051315.66
1777,13,1888707.4816568394,1835662.69
1785,13,2043841.5006420712,2016323.51
1721,13,1913797.7559463687,1898321.33
1708,13,1871614.159639299,1853657.6
1727,13,1847979.5156094227,1851431.06
1782,13,1999214.9089140117,1944438.9
1775,13,1886882.7627328543,1923223.82
1711,13,1991712.4796719262,2003435.31
1732,13,2647605.05514683,2766400.05
1784,13,2140241.0913394406,2111592.09
1814,13,2066012.1092925603,2094373.0
1790,13,1909489.9278396007,1969056.91
1751,13,1958108.8429131713,1848186.58
1734,13,1823371.3215452514,1840686.94
1725,13,1895866.6665852005,1772143.94
1791,13,1894793.6096030476,2035431.39
1761,13,1983952.0070339865,1986380.4
1789,13,3138316.2926454097,3556766.03
1709,13,1893956.0682874096,1877358.86
1720,13,1896889.013285529,1908278.27
1757,13,2085477.3447036406,2076231.8
1801,13,1888432.587728035,1904421.74
1807,13,2103551.3097358663,2041918.74
1758,13,1940034.496158018,1958823.56
1912,14,2045623.799426428,2063401.06
1950,14,1907496.8039397155,1932233.17
1865,14,1996309.863807377,1953539.85
1839,14,2398643.3999933866,2258489.63
1959,14,1560426.375166446,1544422.35
1879,14,3207488.110369684,3818686.45
1848,14,2124589.661667441,2078417.47
1878,14,2603822.5644570603,2762861.41
1907,14,2132714.7048483323,2078796.76
1923,14,2044305.3926475858,2056846.12
1964,14,1638951.7795737297,1621841.33
1887,14,2340672.604875298,2143080.57
1919,14,1802255.6264176704,1809989.29
1927,14,1964810.5568560995,1969360.72
1863,14,2209613.148546254,2258781.28
1850,14,2069027.3419306902,2108187.1
1869,14,1974010.8468289124,1932162.63
1924,14,2055353.0605619326,1980405.03
1917,14,1793176.2602672214,1864637.89
1853,14,2133158.4865953606,2248645.59
1874,14,2772105.691818007,2921709.71
1926,14,2100425.8474995354,2081534.65
1956,14,1636544.0624182913,1660228.88
1932,14,1808519.4873161172,1914148.89
1893,14,2139030.177083024,1995891.87
1876,14,2109381.1863376945,2156035.06
1867,14,2307800.7546997317,2191767.76
1933,14,1790877.0626783352,2049485.49
1903,14,2123900.4224672588,2095599.93
1931,14,2915569.230419645,3369068.99
1851,14,2125445.7737872093,2227152.16
1862,14,2050800.6156638425,2020332.07
1899,14,2082604.9150426087,2066020.69
1943,14,1823748.356182838,1893447.71
1949,14,1724250.395451086,1687592.16
1900,14,2030642.173587979,2004330.3
2054,15,630191.324561188,635118.48
2092,15,621087.1910393762,600050.98
2007,15,606356.5867445959,583210.87
1981,15,734401.6620148938,754134.95
2101,15,580134.081967274,591335.5
2021,15,1095844.3019259854,1368318.17
1990,15,643759.3427989294,612987.64
2020,15,866554.6348537337,983825.15
2049,15,611354.9289563043,579068.88
2065,15,622210.3042877496,589842.69
2106,15,569780.1568257698,606210.77
2029,15,654432.1074046298,699028.66
2061,15,565891.994597088,521297.31
2069,15,622531.1084225117,597856.51
2005,15,624499.6150520733,634605.77
1992,15,638730.6640322031,616598.1
2011,15,582335.5554571823,577011.26
2066,15,650606.7931621339,582864.35
2059,15,555013.6530315874,545052.34
1995,15,660674.9186683067,652329.53
2016,15,1043199.8949675171,1120018.92
2068,15,643130.3466084271,618949.82
2098,15,661511.834259818,687085.6
2074,15,604163.2490128911,603460.79
2035,15,613513.1000433475,556550.85
2018,15,568541.3167547002,604173.59
2009,15,702998.8206721797,641965.2
2075,15,569229.4016689556,663971.26
2045,15,618783.6313219804,630522.67
2073,15,1029278.4181436175,1182691.87
1993,15,729822.9706341779,744772.88
2004,15,659749.2983715222,649791.15
2041,15,622574.6470234351,607961.21
2085,15,571490.8413329276,565481.88
2091,15,618479.3656147834,573498.64
2042,15,620972.7357648549,630482.91
2196,16,601301.7772557966,634634.66
2234,16,532694.9458631591,493506.47
2149,16,482875.4719098673,522049.52
2123,16,521492.3744166621,512260.59
2243,16,569269.6535082317,569005.06
2163,16,870858.9873536173,1004730.69
2132,16,476974.93759200827,446905.02
2162,16,631007.8038197537,648652.01
2191,16,524441.8468861001,482926.93
2207,16,484555.52845724934,505918.21
2248,16,538877.7156697299,551152.15
2171,16,489907.2140727453,530492.84
2203,16,430753.3962279925,450075.31
2211,16,490755.27381347574,480353.64
2147,16,419375.2897614544,424083.99
2134,16,491626.60803963983,435300.51
2153,16,424510.026895513,452169.28
2208,16,490039.6578086311,466806.89
2201,16,485056.42199917743,539081.09
2137,16,560491.7952443602,540149.85
2158,16,642689.098056982,651837.77
2210,16,527077.5683532319,513181.31
2240,16,590213.0241074242,581745.72
2216,16,643651.0689413481,665861.06
2177,16,478392.8239031947,479263.15
2160,16,456925.9284489762,445393.74
2151,16,518855.265275676,537518.57
2217,16,457453.068656925,532311.93
2187,16,474004.3813761234,423805.22
2215,16,854519.9143982171,950691.96
2135,16,516850.697557748,479430.0
2146,16,572058.9636865795,581010.52
2183,16,598416.6042248261,592981.33
2227,16,480598.6913818466,493503.89
2233,16,538023.9122679135,471281.68
2184,16,437430.63303464465,410406.95
2338,17,912757.6157397917,915064.22
2376,17,997156.7339955058,968816.33
2291,17,885977.7614904715,871264.25
2265,17,898689.3742810972,926573.81
2385,17,890810.3844787686,960746.04
2305,17,1204726.646643674,1309226.79
2274,17,826522.0238619978,818434.49
2304,17,1014592.5332707519,1049372.38
2333,17,910218.4262599575,918006.9
2349,17,914848.7827825234,936508.43
2390,17,885294.7223029508,924299.78
2313,17,916422.0463293993,945267.68
2345,17,859428.2436936721,868191.05
2353,17,871283.3372298335,877724.31
2289,17,783690.5698979684,770228.02
2276,17,835285.3945297909,826626.5
2295,17,840820.9392208081,838297.32
2350,17,834882.2503975979,813211.46
2343,17,1018867.889043282,1051116.95
2279,17,905171.2454745653,877996.27
2300,17,1008777.4923252696,1005448.76
2352,17,929675.0560442917,914759.2
2382,17,964377.5003257577,981210.57
2358,17,851731.0953645933,777207.3
2319,17,870085.3781975487,816603.05
2302,17,777489.2325801902,763961.82
2293,17,1216500.2241219901,1200888.28
2359,17,939296.4218562474,938914.28
2329,17,871664.0195386389,882132.28
2357,17,1259683.6911670687,1289156.9
2277,17,861552.8921915614,872817.62
2288,17,823653.7032733466,802583.89
2325,17,900986.8482448091,866184.92
2369,17,854786.1809671539,851762.28
2375,17,1000177.8362339158,952609.17
2326,17,871377.736017756,870625.49
2480,18,1069515.665265493,1048802.62
2518,18,1046533.4625295128,1047444.59
2433,18,1019457.9562674807,997998.21
2407,18,1195342.012196006,1211026.13
2527,18,1031727.2330671605,1024784.92
2447,18,1655525.3782522113,2027507.15
2416,18,1051965.450969085,1089530.94
2446,18,1436079.9147643251,1588430.71
2475,18,1074794.0823356775,1019741.1
2491,18,1155767.623727703,1106642.63
2532,18,1093324.8699736036,1145840.91
2455,18,1225709.457542489,1188047.61
2487,18,963383.6133792555,847348.08
2495,18,1090861.317909972,1056992.18
2431,18,1137926.4233450748,1174447.55
2418,18,1087724.565832323,1101621.36
2437,18,1013382.0766247683,1029618.1
2492,18,1237340.1064155514,1122053.58
2485,18,872609.2795293797,845715.37
2421,18,1140011.5089377095,1183225.92
2442,18,1563944.0513390517,1653759.36
2494,18,1138725.3936857753,1079931.63
2524,18,1087503.5816309582,1080357.89
2500,18,953771.3410705811,1010562.49
2461,18,1169567.9576612653,1055841.24
2444,18,1122622.4750445632,1138800.32
2435,18,1124778.729802442,1011201.12
2501,18,1009286.6052321529,1118313.7
2471,18,1034591.2129716774,1065427.37
2499,18,1664545.1335268188,1882393.4
2419,18,1192949.9322442845,1256282.79
2430,18,1181034.6755904825,1214302.76
2467,18,1019952.2654663463,1002806.39
2511,18,1000195.8149529713,1031139.3
2517,18,1098251.3477100953,1092204.79
2468,18,967952.446962059,993172.98
2622,19,1477414.854490039,1465489.75
2660,19,1402926.9504287234,1366937.1
2575,19,1414805.9427253448,1386789.31
2549,19,1612473.3382185134,1615987.96
2669,19,1311609.0359644208,1321741.35
2589,19,2247251.3484095875,2678206.42
2558,19,1466098.9326924826,1435379.25
2588,19,1762710.326369875,1911967.44
2617,19,1525431.4013260652,1461718.87
2633,19,1451620.891103106,1396612.36
2674,19,1469820.2518688191,1544653.37
2597,19,1455290.552896318,1484708.38
2629,19,1376206.081832791,1330757.22
2637,19,1445153.2138701552,1411835.57
2573,19,1471539.4292617154,1489613.32
2560,19,1393141.4473573891,1377716.17
2579,19,1366887.7809543503,1369317.63
2634,19,1515028.862484144,1430851.11
2627,19,1358724.1429157422,1365633.53
2563,19,1447687.558939415,1457314.39
2584,19,1926183.7326974939,1993367.83
2636,19,1526143.329980066,1502078.93
2666,19,1432189.7354674295,1468350.36
2642,19,1375978.3836442234,1405168.06
2603,19,1467844.8422234047,1370562.11
2586,19,1404514.0181371332,1467889.2
2577,19,1668722.4034982845,1591453.39
2643,19,1296868.497319512,1450733.29
2613,19,1450185.6444043382,1451953.95
2641,19,2183809.64098832,2480159.47
2561,19,1580003.089884219,1648882.62
2572,19,1547575.8701744587,1557888.16
2609,19,1436145.2857373406,1408968.55
2653,19,1342070.675822878,1342254.55
2659,19,1475071.441739085,1408016.1
2610,19,1423318.3531518022,1429143.06
2764,20,2144334.992072144,2123787.79
2802,20,2093899.9566492627,2039222.26
2717,20,1995516.7283376576,1948359.78
2691,20,2442059.118743252,2416051.17
2811,20,2077660.5860139201,2134680.12
2731,20,3278592.5371756027,3766687.43
2700,20,2206692.906960325,2184316.64
2730,20,2640307.544243044,2819193.17
2759,20,2212450.3553525386,2135982.79
2775,20,2125100.4593949444,2065421.52
2816,20,1972677.4408263077,2005341.43
2739,20,2283976.716851452,2298776.83
2771,20,1994052.4411251212,1945808.26
2779,20,2174913.8195009427,2169933.82
2715,20,2027174.18917774,2007796.26
2702,20,1899424.156231777,1893736.9
2721,20,1976988.753279042,1950676.39
2776,20,2274894.1390844486,2211388.14
2769,20,2005633.0308765473,1979009.46
2705,20,2054911.0637000974,2091903.63
2726,20,2704589.011773677,2811634.04
2778,20,2281445.398779551,2269975.85
2808,20,2037431.386368545,2060588.69
2784,20,1975552.1032306303,2043245.0
2745,20,2406302.877779232,2351143.07
2728,20,1916713.8631036454,2010974.84
2719,20,2133785.8364483654,2014954.79
2785,20,1949133.216108666,2143126.59
2755,20,2117056.1164554097,2090838.44
2783,20,3194401.871277851,3555371.03
2703,20,2005900.2482889327,2065984.95
2714,20,1984143.0262130734,1946369.57
2751,20,2116750.1699263165,2189353.63
2795,20,1970034.1304017263,1992436.96
2801,20,2299369.537687917,2246411.89
2752,20,2013990.4156039464,2036748.53
2906,21,748371.1501009546,734099.4
2944,21,728445.8629742743,700554.16
2859,21,684485.5792754822,684340.86
2833,21,827287.4183393621,829210.73
2953,21,672580.6954946178,668132.36
2873,21,1216741.372627426,1587257.78
2842,21,731487.6972805001,719888.76
2872,21,1021010.7206977794,1147556.83
2901,21,678187.6409519651,663452.46
2917,21,770583.8733737895,738812.0
2958,21,772916.9766593304,802003.61
2881,21,736872.6051143232,793184.25
2913,21,731767.1116485854,651970.48
2921,21,743419.8866843818,737014.09
2857,21,720197.2138716965,751181.4
2844,21,754748.4014050957,753361.72
2863,21,692442.1693304692,693412.05
2918,21,853198.3855845702,771908.51
2911,21,685877.7028221202,653525.84
2847,21,768364.0584013278,785104.29
2868,21,1134970.3670804661,1245628.61
2920,21,766122.1875278282,757369.87
2950,21,754392.1741374625,735870.0
2926,21,740937.0126569245,804362.36
2887,21,651693.0076501723,596218.24
2870,21,696382.7029767518,712312.89
2861,21,717433.803178525,674055.81
2927,21,565023.8634296403,695439.83
2897,21,737479.9413419374,718898.33
2925,21,1155330.0436026803,1384552.17
2845,21,751268.979731017,755214.26
2856,21,794099.9131427973,855882.57
2893,21,750480.6497907698,783614.89
2937,21,724386.1906836638,729759.97
2943,21,624220.169974399,651768.91
2894,21,759648.8928161553,754236.7
3048,22,1034445.2489848185,1017050.65
3086,22,1017421.6909642105,986612.02
3001,22,936824.8476807325,918285.97
2975,22,1223596.081718376,1230514.58
3095,22,968262.0652844743,971361.38
3015,22,1624179.9180398514,1962445.04
2984,22,1029489.9065658691,1006888.16
3014,22,1415246.7364954227,1527682.99
3043,22,1039919.9492529795,993436.67
3059,22,1106173.052033281,1099351.68
3100,22,1027087.1295706199,1060906.75
3023,22,1112000.1288866766,1167621.14
3055,22,991525.6975115568,953314.16
3063,22,1011191.6574965956,1007579.44
2999,22,1022009.3233367999,1033171.07
2986,22,995327.2789642932,979977.89
3005,22,938267.9626708862,954401.46
3060,22,1051045.3527276549,1009206.33
3053,22,930883.2151149836,937420.65
2989,22,1044984.6576571616,1052895.25
3010,22,1495053.5175942113,1564502.26
3062,22,1079290.205872223,1051740.29
3092,22,1074877.3571205782,1112449.3
3068,22,909690.3869919069,982661.14
3029,22,1027175.6468778121,946060.98
3012,22,941409.1197607387,967187.37
3003,22,1016364.3750649514,924174.4
3069,22,965890.3753538955,1102857.37
3039,22,1020754.2130857464,1032076.06
3067,22,1610969.8396304762,1863195.68
2987,22,1080987.3948602618,1103740.4
2998,22,1064260.9791501442,1081420.96
3035,22,1007524.5454162289,983232.96
3079,22,976121.7491711867,992774.4
3085,22,1066064.8211355791,1009887.36
3036,22,996678.2797894318,1001558.74
3190,23,1391152.0255866698,1379488.05
3228,23,1396601.599637958,1332952.47
3143,23,1202383.7242409468,1159132.58
3117,23,1606510.8252664763,1617025.41
3237,23,1369039.725946832,1384921.63
3157,23,2225113.477721665,2734277.1
3126,23,1251900.683386779,1203119.96
3156,23,2043591.131251398,2238573.48
3185,23,1522298.5356830028,1463501.99
3201,23,1418015.5210259305,1407191.96
3242,23,1562267.6285275551,1702220.96
3165,23,1402703.2709638693,1552886.59
3197,23,1303456.558041385,1275597.85
3205,23,1381754.6085928602,1345631.96
3141,23,1238712.5896635458,1264434.7
3128,23,1343580.6860475857,1327424.28
3147,23,1141453.8033006578,1119809.71
3202,23,1321946.3597328837,1249786.4
3195,23,1226299.4669158375,1253329.17
3131,23,1467273.165755459,1507708.93
3152,23,2034599.4917721231,2072685.05
3204,23,1516308.0924376023,1436940.78
3234,23,1470255.3719486357,1522042.57
3210,23,1202675.862700041,1213486.95
3171,23,1250256.2637026664,1159438.53
3154,23,1370019.170302009,1408082.96
3145,23,1395067.112807959,1272842.85
3211,23,1300465.540765986,1476144.34
3181,23,1373848.8187836322,1359921.13
3209,23,2204119.8573011146,2587953.32
3129,23,1519528.5206835007,1571158.56
3140,23,1511525.2112633646,1584623.36
3177,23,1450908.5223871556,1416344.68
3221,23,1339059.2000590453,1288154.1
3227,23,1537856.884288193,1464616.59
3178,23,1276932.7395931797,1254914.87
3332,24,1533774.1545465477,1567340.07
3370,24,1338161.715178631,1298809.8
3285,24,1270000.1616345344,1273295.46
3259,24,1433114.8415656877,1413302.7
3379,24,1374603.3034297542,1405475.78
3299,24,2030069.960275812,2386015.75
3268,24,1292421.1106907246,1285358.01
3298,24,1574102.5716648377,1663525.77
3327,24,1447879.6492985594,1405914.39
3343,24,1334901.818405976,1307142.75
3384,24,1263626.8128831957,1303726.54
3307,24,1356937.9343727778,1335647.1
3339,24,1279496.6756776953,1246242.61
3347,24,1334511.743991687,1297535.69
3283,24,1359059.9286378694,1379579.63
3270,24,1315569.314881409,1283482.85
3289,24,1266876.0440125316,1300806.74
3344,24,1430149.4568165997,1341240.62
3337,24,1224500.7312389677,1227535.97
3273,24,1348059.2886647866,1354168.18
3294,24,1713131.0769351837,1779276.51
3346,24,1445149.956074392,1425078.59
3376,24,1402048.7677691062,1434709.63
3352,24,1341145.0912568062,1363973.16
3313,24,1313089.095210658,1225182.04
3296,24,1293932.0179907482,1309340.16
3287,24,1546941.6217329735,1474498.59
3353,24,1296787.461892133,1467722.19
3323,24,1342299.5818611034,1339630.35
3351,24,1938547.8889727965,2168344.23
3271,24,1441424.3021781647,1473868.15
3282,24,1351232.6820913083,1350059.35
3319,24,1435239.0267959295,1417616.81
3363,24,1240496.073004463,1221723.94
3369,24,1492710.7321183172,1416720.54
3320,24,1292308.2538008562,1311950.16
3474,25,710019.1904820818,698529.64
3512,25,727859.8134981741,717207.19
3427,25,655152.9733453832,628989.88
3401,25,875618.9581034824,885572.96
3521,25,703262.9144434889,714093.95
3441,25,1053654.158535077,1295391.19
3410,25,701152.6620515841,696314.53
3440,25,974710.929789387,1047707.59
3469,25,713780.4753861174,671522.87
3485,25,741117.6029634905,724443.97
3526,25,714650.6168731065,756527.64
3449,25,801598.7168511631,878314.57
3481,25,677697.8577726093,639160.24
3489,25,740039.5046112337,728525.6
3425,25,695165.4844820581,712647.97
3412,25,684549.3647003389,704113.22
3431,25,617722.9262996286,616094.72
3486,25,678475.4993140541,615666.78
3479,25,624989.5426010137,628720.46
3415,25,747428.075236298,780444.94
3436,25,1054566.2325866683,1115240.61
3488,25,764575.6215844702,719235.07
3518,25,699259.5097875111,721601.9
3494,25,637520.8601229833,683665.37
3455,25,688349.5928208175,639830.45
3438,25,653037.1276868937,660619.99
3429,25,724493.170218699,655811.95
3495,25,588075.7411234288,694765.95
3465,25,663514.6692194556,659446.55
3493,25,1112614.8405829773,1290532.97
3413,25,761460.4946625251,792442.54
3424,25,707955.0042072805,711461.95
3461,25,689193.0537203071,679706.01
3505,25,693211.5633511549,672831.78
3511,25,720609.2088789617,699536.73
3462,25,684048.8457581383,684783.15
3616,26,1102002.2491010972,1133807.03
3654,26,1008751.216416936,978082.84
3569,26,922220.0560386723,923473.7
3543,26,1013139.1884711344,1016143.64
3663,26,1062344.6935551097,1063149.78
3583,26,1381894.8377073845,1573982.47
3552,26,994345.0438086515,970224.51
3582,26,1167882.4320100953,1196813.33
3611,26,1148706.7802941047,1130022.99
3627,26,979428.748567966,972256.98
3668,26,990269.56861829,1022704.2
3591,26,997605.7006289455,1012498.49
3623,26,960386.0291192827,959339.51
3631,26,972295.2236956628,946091.79
3567,26,1006251.8367772538,1022293.81
3554,26,994131.1246054214,986765.01
3573,26,951093.9335905812,937956.89
3628,26,1055602.9659969048,1010711.08
3621,26,921471.687566823,951569.84
3557,26,981947.0528098344,1001286.67
3578,26,1267172.3414314424,1286833.62
3630,26,1094333.1488192473,1077640.13
3660,26,1050696.8216268814,1056282.91
3636,26,953102.1304191304,972834.42
3597,26,960849.7967175202,911807.02
3580,26,976395.1239814628,963382.09
3571,26,1100434.044303593,1042226.3
3637,26,924850.9821205531,1015853.03
3607,26,1033546.1426638665,1024778.23
3635,26,1357644.9205180006,1515175.01
3555,26,1050199.871170158,1069851.59
3566,26,969245.0118694386,977322.52
3603,26,1126509.6999983992,1107552.43
3647,26,910754.6837810494,874790.68
3653,26,1159713.0351832786,1095504.26
3604,26,939012.6685619648,941008.85
3758,27,1968581.2928462543,2000055.27
3796,27,1748292.1247110683,1707158.82
3711,27,1636549.8018331167,1629978.46
3685,27,1946292.5871954141,1884343.67
3805,27,1697740.6509308398,1755889.53
3725,27,2603006.3114053663,3078162.08
3694,27,1747810.549738937,1686010.02
3724,27,2208742.877201757,2350098.36
3753,27,1741190.803101592,1672339.27
3769,27,1751520.657433791,1710372.4
3810,27,1693619.0652510908,1780443.36
3733,27,1712274.469700173,1806924.74
3765,27,1681858.4835915829,1599626.26
3773,27,1767593.8313935266,1723739.44
3709,27,1862538.3113032384,1955814.13
3696,27,1843808.8350636577,1836595.58
3715,27,1669300.628111984,1728388.2
3770,27,1802002.4055759558,1636224.77
3763,27,1604364.9113176367,1613773.9
3699,27,1876780.6355733105,1887182.27
3720,27,2495072.0695421277,2627910.75
3772,27,1859119.7455446331,1800728.07
3802,27,1786017.1629247204,1837884.79
3778,27,1682708.2611667754,1650604.6
3739,27,1767735.3697720459,1628100.79
3722,27,1808098.0132089704,1925113.12
3713,27,2018402.4554894092,1913494.81
3779,27,1644228.3748012315,1900638.6
3749,27,1730068.8294692452,1757041.96
3777,27,2487364.9062783993,2739019.75
3697,27,1886105.6973836909,1962468.67
3708,27,1835292.20753284,1870684.21
3745,27,1789988.369170392,1747289.53
3789,27,1648455.6377697396,1620839.34
3795,27,1726987.0437468346,1591816.88
3746,27,1780408.394303794,1763545.32
3900,28,1446596.0439009524,1459655.85
3938,28,1215360.388853532,1213310.45
3853,28,1188587.8414932555,1159812.35
3827,28,1477716.1026585975,1447916.29
3947,28,1175747.2615312054,1179915.04
3867,28,1809420.05681061,2026026.39
3836,28,1410570.6610400835,1501663.26
3866,28,1423101.2777140005,1510443.62
3895,28,1520785.133289119,1557314.58
3911,28,1272940.4890338706,1242746.06
3952,28,1193240.4535415987,1199309.59
3875,28,1389490.166751671,1368130.35
3907,28,1146375.9554139986,1120731.76
3915,28,1266650.4374239868,1255081.22
3851,28,1425027.8834135255,1382359.21
3838,28,1161724.3507610096,1217923.71
3857,28,1212869.986727827,1158062.99
3912,28,1478673.1604314228,1397301.38
3905,28,1179515.738764688,1159212.1
3841,28,1222963.4869083816,1267619.06
3862,28,1900907.8575099397,1937033.5
3914,28,1421747.7980999332,1402654.95
3944,28,1164927.91710931,1180671.55
3920,28,1209874.1236939842,1270036.53
3881,28,1582935.7353533013,1564897.32
3864,28,1300487.4912403491,1326877.11
3855,28,1345076.3313789112,1246062.17
3921,28,1231134.0267143177,1245480.95
3891,28,1505030.7606068775,1515890.38
3919,28,1643062.7225602956,1796203.51
3839,28,1136322.8248960006,1176588.25
3850,28,1222999.4168175424,1191585.92
3887,28,1429242.7704544726,1523870.89
3931,28,1203143.8511667855,1216059.41
3937,28,1436091.451662404,1462941.03
3888,28,1214887.8812013883,1253316.3
4042,29,548239.7987354621,547586.07
4080,29,556292.5153345366,543706.04
3995,29,479994.0874842631,463752.89
3969,29,646003.0793931114,642678.53
4089,29,503184.1376529381,514709.76
4009,29,926633.2086490542,1130926.79
3978,29,543295.2616481964,521002.97
4008,29,768590.2854114566,850538.25
4037,29,526469.0922036476,514993.0
4053,29,535385.5016287226,515119.64
4094,29,589326.8973273714,615026.15
4017,29,538488.6103033127,579874.22
4049,29,477725.4887095911,446516.26
4057,29,512253.2143787391,504601.29
3993,29,554540.3237589233,569937.23
3980,29,514700.4016177379,502021.82
3999,29,488214.99096048763,483011.69
4054,29,590159.0713207915,550387.78
4047,29,482563.92260782816,474129.35
3983,29,558836.2729759564,558731.74
4004,29,914057.916034481,975268.91
4056,29,542599.4727954267,531600.62
4086,29,563515.9620262912,581854.5
4062,29,523400.2558017409,551743.05
4023,29,553877.0825499028,504126.89
4006,29,490198.1231987406,519042.49
3997,29,540860.3960948806,491290.37
4063,29,512565.87046365254,576252.35
4033,29,525097.4047978022,534372.53
4061,29,885920.4943717252,1016637.39
3981,29,567922.5879843484,577627.66
3992,29,545870.3394636525,545766.13
4029,29,512888.5966070843,503486.37
4073,29,505301.4897283801,517408.48
4079,29,553775.9040015368,520632.8
4030,29,535640.6062202145,549551.02
4184,30,426066.2654759232,419764.37
4222,30,451770.1606121624,460945.14
4137,30,463754.62296915526,462058.19
4111,30,418917.7387705655,407112.22
4231,30,420507.04968693474,417640.34
4151,30,495120.26338915114,519354.88
4120,30,472941.47167668137,484661.87
4150,30,439542.14786043944,445332.28
4179,30,425502.6406013887,417528.26
4195,30,441129.15749160736,426151.88
4236,30,423330.52271106,425296.65
4159,30,414230.3591637346,412385.75
4191,30,406903.2587230139,387001.13
4199,30,453778.3171760223,436462.63
4135,30,454178.9963952324,454800.96
4122,30,452330.3497229714,455751.84
4141,30,452137.3234935909,453943.89
4196,30,491119.976484771,470921.24
4189,30,394988.6691568226,382914.66
4125,30,442007.48511528765,447727.52
4146,30,459168.24316633417,462732.36
4198,30,427209.2682538762,409686.63
4228,30,419322.7988379039,428554.63
4204,30,381838.7736479955,376777.45
4165,30,498534.83490793937,490970.95
4148,30,454398.3845031661,468189.93
4139,30,460313.95906920364,455162.92
4205,30,437705.3225967328,427021.18
4175,30,424834.7856021716,438789.52
4203,30,488092.30892640527,492022.68
4123,30,462858.45135531115,462474.16
4134,30,446977.4846029256,443810.78
4171,30,438776.5314711049,431798.64
4215,30,423938.6747875186,430222.97
4221,30,453071.8709899388,446751.45
4172,30,421056.1234570484,424614.59
4326,31,1419913.8399295679,1423144.47
4364,31,1463452.7495567275,1441473.82
4279,31,1289545.633026328,1294105.01
4253,31,1369424.4128346613,1338716.37
4373,31,1370410.3853891853,1374301.34
4293,31,1788370.549334673,2068942.97
4262,31,1315118.9465800654,1324455.72
4292,31,1584843.2933021407,1714667.0
4321,31,1400793.740984869,1427383.24
4337,31,1356880.0836080573,1346862.72
4378,31,1379070.985410964,1379783.21
4301,31,1355741.8047122294,1388809.43
4333,31,1325202.9314810813,1285534.74
4341,31,1411034.6450268626,1445174.79
4277,31,1387466.3653966407,1395710.09
4264,31,1324049.918458389,1337405.6
4283,31,1295277.509483458,1265852.43
4338,31,1577054.3465014114,1539230.32
4331,31,1366839.254432133,1363460.86
4267,31,1343856.9504796425,1368090.08
4288,31,1768448.3359676239,1858856.06
4340,31,1419736.105022538,1444783.64
4370,31,1411844.3498442515,1394065.76
4346,31,1318678.7539621515,1355405.95
4307,31,1460557.5479713932,1443206.46
4290,31,1332738.8553113998,1366193.35
4281,31,1355441.2024127364,1308179.02
4347,31,1295521.319048354,1404516.29
4317,31,1420668.1920101757,1388755.61
4345,31,1814501.3028900246,2026176.14
4265,31,1294552.8710140418,1309437.17
4276,31,1322233.1724972213,1326621.98
4313,31,1399205.7799940365,1428993.33
4357,31,1370769.192386318,1365824.97
4363,31,1340132.5920432317,1363365.05
4314,31,1415045.1643781688,1408118.22
4468,32,1120531.160777635,1110244.52
4506,32,1205345.1938317197,1177539.71
4421,32,1068899.382169821,1043962.36
4395,32,1226812.4900038138,1200892.56
4515,32,1149567.545534356,1141184.66
4435,32,1674216.9959015683,1949183.14
4404,32,1109164.8556902972,1063056.21
4434,32,1472879.1445242483,1557776.1
4463,32,1171311.6412489372,1149448.02
4479,32,1199272.6723937613,1185391.96
4520,32,1238611.8641240688,1272809.11
4443,32,1129789.0950437663,1179773.88
4475,32,1130858.9341841154,1088943.98
4483,32,1194859.1235746874,1181651.55
4419,32,1084664.488862518,1095889.22
4406,32,1145848.4337952444,1143819.35
4425,32,1109543.1668011856,1096692.88
4480,32,1170808.2079411151,1124357.2
4473,32,1139977.5070145172,1142499.25
4409,32,1135828.774035897,1150191.72
4430,32,1565995.3822915764,1634635.86
4482,32,1205264.8529432283,1182733.0
4512,32,1198527.964920773,1196880.11
4488,32,1040489.9874967968,1102367.65
4449,32,1133874.8152845523,1070457.8
4432,32,1069411.7455063015,1093319.37
4423,32,1095358.5339717492,1028635.39
4489,32,1052494.768933479,1157557.79
4459,32,1170253.44666842,1181793.55
4487,32,1731119.2425799454,1959526.96
4407,32,1183326.2082181303,1205662.85
4418,32,1124802.0020422274,1140501.03
4455,32,1203321.5569489333,1201694.14
4499,32,1149555.7057160842,1146632.46
4505,32,1207159.0055114892,1202775.24
4456,32,1134905.1455170624,1138162.76
4610,33,273056.6950023113,262717.71
4648,33,272271.58620610734,276899.95
4563,33,249939.066791755,246277.18
4537,33,214556.04447616197,209986.25
4657,33,282201.1884457822,287033.64
4577,33,258947.15449865608,249246.8
4546,33,230598.83781601602,246124.61
4576,33,241736.78617577648,238875.26
4605,33,268547.97765167954,262159.13
4621,33,236619.03350776655,231319.96
4662,33,248191.900652008,247672.56
4585,33,218734.21701365223,220060.35
4617,33,231182.5444151846,229731.98
4625,33,252321.1416604187,251294.5
4561,33,312311.7264835676,325201.05
4548,33,270389.5248506104,294264.2
4567,33,261322.85160410102,251732.92
4622,33,284954.39559619647,276198.74
4615,33,267207.5564310076,262407.57
4551,33,255712.61668934813,272399.08
4572,33,258513.12525338505,240044.57
4624,33,276251.48800160264,271961.04
4654,33,257308.42056942324,261666.29
4630,33,211620.11502671722,215359.21
4591,33,253699.73987711748,234218.03
4574,33,303618.01779478806,312161.0
4565,33,283417.1380559371,272834.88
4631,33,256016.97329599957,261131.09
4601,33,253845.9272568457,257031.19
4629,33,258004.1089521566,256235.19
4549,33,265826.1456251961,279246.33
4560,33,217942.47907422617,224031.19
4597,33,248250.04754370337,242456.39
4641,33,239964.47647345703,246970.97
4647,33,266280.9539927344,265444.9
4598,33,286138.84079580195,279466.87
4752,34,950579.3708673991,926934.57
4790,34,1001708.1207942856,998672.85
4705,34,890529.4977912352,885445.47
4679,34,1022463.0856450582,1001512.21
4799,34,956268.6190814617,954677.75
4719,34,1362375.6559688002,1620748.25
4688,34,972663.7100860047,972292.31
4718,34,1118604.0320483989,1227148.13
4747,34,962482.4858798503,954069.45
4763,34,981661.0073740532,958063.87
4804,34,926511.7305711121,926250.21
4727,34,973363.5836448491,988742.08
4759,34,924838.5336202347,871847.85
4767,34,956003.5679313573,947552.44
4703,34,936877.4097888736,950684.2
4690,34,907701.0793783464,913616.32
4709,34,901701.9975351759,888703.62
4764,34,1077912.157084972,1015654.6
4757,34,952283.8092504096,927249.61
4693,34,920877.5311891284,941612.04
4714,34,1244064.0944424265,1309476.68
4766,34,998146.8965217628,991570.02
4796,34,991470.7985659942,1000285.1
4772,34,942933.5988466768,965512.36
4733,34,1010505.0506604421,971932.87
4716,34,880935.5899518367,921247.88
4707,34,969734.244634569,932240.96
4773,34,902530.3240824322,977062.44
4743,34,964187.1862024918,965853.58
4771,34,1407393.7732662791,1593655.96
4691,34,928170.1566255311,942868.38
4702,34,865306.2423794298,855421.39
4739,34,930428.4843024489,942236.45
4783,34,941103.6927538366,945143.33
4789,34,960578.9205363797,968896.68
4740,34,949906.5208951023,966232.69
4894,35,898416.8747372996,827717.85
4932,35,847106.2874347256,819196.68
4847,35,843559.1565730356,831443.61
4821,35,993426.8197969531,982598.88
4941,35,835786.8844056128,825763.48
4861,35,1431198.3500426481,1779236.54
4830,35,774608.9885930752,843755.12
4860,35,1188119.7745875583,1314987.4
4889,35,887201.979853116,791637.53
4905,35,887653.8041738288,808821.5
4946,35,857517.7606773895,895274.72
4869,35,847301.5618787907,903606.03
4901,35,854568.6386762974,749676.95
4909,35,874594.6165538852,820964.1
4845,35,1169913.1243434593,1198014.97
4832,35,1050650.5438160775,1078182.18
4851,35,837544.9697644542,798376.99
4906,35,1010473.7260975259,859258.17
4899,35,778089.7408285096,738792.11
4835,35,1129132.0308024962,1198025.76
4856,35,1654157.494889588,1781866.98
4908,35,921287.1853149561,880576.33
4938,35,936527.0702108971,911696.0
4914,35,832385.2891418805,904650.55
4875,35,852585.0511951526,747577.05
4858,35,1129285.191509981,1150344.39
4849,35,1137097.4495663631,961685.98
4915,35,775478.2064690909,932195.52
4885,35,804167.1707439456,835181.18
4913,35,1320249.9673974328,1550214.02
4833,35,1158669.8087621236,1223777.48
4844,35,933720.3078314933,917693.06
4881,35,863336.6358296636,826820.71
4925,35,734378.2206251927,760671.1
4931,35,857089.9303137264,866064.4
4882,35,801018.6390747757,826155.95
5036,36,375361.1482020713,377464.62
5074,36,323840.0899062393,324801.13
4989,36,437330.65656350995,454694.21
4963,36,407321.2092864277,360266.09
5083,36,303948.9389645019,298337.41
5003,36,418324.37006824027,422093.59
4972,36,400785.7562921795,405860.37
5002,36,413803.31307869,410214.7
5031,36,353635.4097024022,346137.87
5047,36,335489.4424456128,306193.81
5088,36,287106.99937892833,282545.55
5011,36,312667.87843030755,293350.51
5043,36,343691.4824883519,314910.37
5051,36,341924.3490048965,332901.94
4987,36,454782.9742721284,453016.91
4974,36,459675.9542004589,474917.98
4993,36,446295.0617421758,453308.15
5048,36,412002.0221444072,401501.2
5041,36,361479.3811011624,343108.12
4977,36,463445.36264393025,485694.72
4998,36,404783.05085846176,408891.49
5050,36,330289.69409843313,328498.92
5080,36,302562.5258705874,306411.01
5056,36,294583.20557587576,287425.22
5017,36,419027.99591819785,417521.7
5000,36,428916.6721000127,441434.2
4991,36,425678.9722345498,434471.38
5057,36,313538.40494858637,306005.53
5027,36,385005.572640221,393401.4
5055,36,321036.3094844931,325262.46
4975,36,439489.6447032565,447050.42
4986,36,404941.09382833674,412050.73
5023,36,398352.87832759565,381017.75
5067,36,309073.54239971784,317872.51
5073,36,284893.52215341444,277137.86
5024,36,387170.48722903297,395316.65
5178,37,490146.82284855784,489059.93
5216,37,534298.6540435924,534847.96
5131,37,509147.3390278639,501251.4
5105,37,502525.1025121407,508213.14
5225,37,503689.01485348836,506005.47
5145,37,564257.1756629153,576809.92
5114,37,542276.6588752833,539683.42
5144,37,529848.3308933805,534285.21
5173,37,514803.7282418672,522816.85
5189,37,515523.01832886675,517355.44
5230,37,524279.2999501561,522665.04
5153,37,529811.2863244113,527117.81
5185,37,515844.89853600186,516402.1
5193,37,524529.1141100385,527495.09
5129,37,518514.52060201776,513327.55
5116,37,510285.31892021175,510494.7
5135,37,507166.4934840385,498925.86
5190,37,521771.48813855066,522514.32
5183,37,512779.3965096534,513341.94
5119,37,506022.0440148402,505761.62
5140,37,520946.7529430367,518220.72
5192,37,502294.49451267783,501268.78
5222,37,478443.0132833338,484032.75
5198,37,452192.59111850127,451327.61
5159,37,580959.6134466719,583835.18
5142,37,512336.4500299066,513015.35
5133,37,519427.3030736868,510296.07
5199,37,545997.0041640865,531811.85
5169,37,546157.3126447517,547513.3
5197,37,592616.0848485932,605791.46
5117,37,529794.324529108,532241.22
5128,37,516754.306877629,512157.25
5165,37,503967.6909988907,510787.46
5209,37,522389.0180794466,520887.23
5215,37,548334.9563676408,546122.37
5166,37,505454.13028207724,511871.63
5320,38,402989.8995922638,399699.17
5358,38,409623.35549821076,412314.71
5273,38,340112.4218243639,336253.19
5247,38,345317.06288218306,351925.36
5367,38,419386.5548127528,416036.75
5287,38,358233.8875521402,369106.72
5256,38,365843.5176580585,380870.09
5286,38,337398.5109556072,334441.15
5315,38,451163.6629290426,449516.29
5331,38,377346.22596698307,378539.17
5372,38,410341.2566951819,397428.22
5295,38,429318.97156714136,411252.02
5327,38,358279.40839145624,366819.84
5335,38,393193.4483672436,392003.13
5271,38,360399.0267908403,341630.46
5258,38,334550.39710426354,340497.08
5277,38,342972.1995219448,337743.26
5332,38,367774.8111335828,377672.46
5325,38,392468.7741101411,408188.88
5261,38,332059.21519053326,335691.85
5282,38,348740.27468466293,360857.98
5334,38,414858.0868688321,411116.95
5364,38,397463.95385796466,405938.35
5340,38,351970.1658083723,342667.35
5301,38,404214.6031820318,402341.76
5284,38,356367.439584713,342023.92
5275,38,351114.6433266493,336227.69
5341,38,471310.43783386785,435579.7
5311,38,416241.33367895434,422186.65
5339,38,408548.448957198,419717.41
5259,38,319647.4124486523,326469.43
5270,38,323313.763304615,322868.56
5307,38,436922.37384338817,437631.44
5351,38,404003.35079508263,412456.48
5357,38,472744.8707121953,458479.01
5308,38,361802.2706041659,366977.79
5462,39,1442983.9194882095,1414564.53
5500,39,1576024.777819826,1522978.54
5415,39,1246011.548920625,1252915.43
5389,39,1432548.1802256103,1431910.98
5509,39,1488524.6024889778,1471261.76
5429,39,2179767.9800606505,2495489.25
5398,39,1312420.262936671,1293707.19
5428,39,1727455.604216713,1842172.46
5457,39,1480230.0227600217,1443884.39
5473,39,1477328.3614023875,1472663.1
5514,39,1674700.4644582022,1724669.75
5437,39,1575064.7825189114,1632894.58
5469,39,1350218.195393087,1311775.83
5477,39,1521911.285034887,1510397.27
5413,39,1282738.2269618372,1327035.27
5400,39,1355843.5702519119,1350673.98
5419,39,1234684.7452716727,1238742.0
5474,39,1333768.4390685875,1227893.89
5467,39,1362181.4213062641,1372500.63
5403,39,1355763.3521228454,1368312.45
5424,39,2068868.0056570282,2149355.2
5476,39,1484476.738518857,1456957.38
5506,39,1556423.3698982266,1532316.79
5482,39,1434775.14971822,1537139.56
5443,39,1427898.5657216124,1343773.94
5426,39,1228049.437474529,1244391.83
5417,39,1335447.9362101401,1279666.47
5483,39,1485738.9260067907,1640476.77
5453,39,1372025.0799937078,1370920.87
5481,39,2335038.7411044077,2554482.84
5401,39,1360672.1177967337,1365541.59
5412,39,1387712.4278449898,1417515.93
5449,39,1494263.7147020837,1518790.89
5493,39,1466928.3818353773,1469593.37
5499,39,1617782.5801405855,1574408.67
5450,39,1310745.0473121782,1325022.77
5604,40,1072902.2026520148,1107366.06
5642,40,942315.6525024854,896295.41
5557,40,872379.0380265927,855046.95
5531,40,1000571.2460455495,1000582.06
5651,40,960194.0409035174,979848.71
5571,40,1467891.6550858128,1648829.18
5540,40,982485.5228745561,968270.66
5570,40,1138472.6834295806,1179036.3
5599,40,1075954.359241693,1070389.98
5615,40,941167.7553823686,941675.95
5656,40,912214.3264907452,945318.47
5579,40,1055841.222354692,1059676.62
5611,40,908369.1561319925,912857.1
5619,40,927149.2354102869,905399.99
5555,40,929204.2450281653,919839.19
5542,40,921603.5002251128,885613.91
5561,40,921725.1617889771,917883.17
5616,40,957730.9989094102,931939.52
5609,40,870674.0714547255,890661.79
5545,40,971609.2990794908,973105.3
5566,40,1159354.6239366354,1166142.85
5618,40,1049295.561300531,1037687.07
5648,40,1022375.770268874,1033552.18
5624,40,885991.3191501221,908853.15
5585,40,945695.7753183704,904261.65
5568,40,903172.6552832094,899352.4
5559,40,1025925.8474936164,967310.82
5625,40,972069.616356375,1037464.27
5595,40,1010576.5733252534,1016752.55
5623,40,1454667.3127852154,1601585.7
5543,40,1016596.7830146605,1008483.07
5554,40,927472.0819577248,922328.02
5591,40,1075702.2040930288,1063818.2
5635,40,872923.1066769084,844490.86
5641,40,1111817.7882620594,1069112.0
5592,40,898632.5186354375,903864.02
5746,41,1320052.3777731538,1338862.58
5784,41,1364057.495977289,1331514.44
5699,41,1106960.4767679148,1111170.91
5673,41,1220379.3996043454,1220115.75
5793,41,1335631.33193982,1332594.07
5713,41,1924455.68329489,2225016.73
5682,41,1201110.2553219586,1163878.49
5712,41,1554051.6820909649,1627904.68
5741,41,1280677.675168102,1277882.77
5757,41,1278976.9984406992,1274463.02
5798,41,1417436.9036715564,1464462.85
5721,41,1214039.9170591375,1292436.23
5753,41,1185195.9986304461,1160619.61
5761,41,1253043.1315763106,1230118.02
5697,41,1061774.1659356426,1082158.21
5684,41,1206582.404444888,1163234.33
5703,41,1120898.3471602467,1133913.33
5758,41,1220347.3098459141,1150003.36
5751,41,1170845.1195884366,1197019.39
5687,41,1202196.9832662486,1202963.06
5708,41,1784755.7144186306,1866681.57
5760,41,1317617.9093095681,1302499.23
5790,41,1382839.2894959904,1386407.17
5766,41,1190465.7265249332,1264014.16
5727,41,1227525.9478807426,1179420.5
5710,41,1050718.4224140611,1023997.71
5701,41,1223919.5050087266,1172672.27
5767,41,1246477.3697108317,1374891.36
5737,41,1231580.5123095044,1244956.91
5765,41,2035055.884621895,2263722.68
5685,41,1260262.1646179864,1246654.24
5696,41,1146673.3587395027,1173131.63
5733,41,1384831.1911823142,1402233.69
5777,41,1229868.4198412236,1215354.38
5783,41,1459433.4672616445,1400160.95
5734,41,1245095.1192087291,1270025.74
5888,42,587416.9083676626,593234.27
5926,42,591231.0236787475,590636.38
5841,42,529930.2986184432,536871.58
5815,42,535259.847267564,500250.8
5935,42,608777.0202876419,628099.08
5855,42,544058.5085474289,555075.27
5824,42,557901.3743729882,565390.4
5854,42,530716.7736061751,537455.65
5883,42,640169.5273236787,649111.23
5899,42,523763.1083996366,515599.7
5940,42,555262.8303025065,535537.03
5863,42,545068.6308061018,511883.36
5895,42,507656.4503157006,510243.79
5903,42,552075.2286708629,567673.87
5839,42,588535.9213367802,582552.26
5826,42,492437.81481023855,504403.16
5845,42,551226.0874579253,559285.35
5900,42,624118.2824117008,628063.88
5893,42,575280.2814395452,576837.09
5829,42,511326.49327953375,529418.64
5850,42,527328.2556204391,522296.71
5902,42,632435.5466853793,643125.29
5932,42,521637.33763073,540031.29
5908,42,462543.5634780882,454412.28
5869,42,603787.1511448834,586886.16
5852,42,589053.2276490957,588363.62
5843,42,584980.7486578426,589091.04
5909,42,535673.8925960176,521953.78
5879,42,623863.8650161903,612337.35
5907,42,557611.6556553076,575676.13
5827,42,470554.4460534585,484097.03
5838,42,464105.8473879014,465993.51
5875,42,565335.0897312728,572603.33
5919,42,549011.6942917706,561226.38
5925,42,597024.3688866437,593162.53
5876,42,595064.5891952636,603024.75
6030,43,665183.6838159965,651147.83
6068,43,629236.6150231673,648541.81
5983,43,690077.0791354231,725043.04
5957,43,581333.8077914581,557543.62
6077,43,630246.9075582112,627634.04
5997,43,657217.0921976432,656637.63
5966,43,605488.6230487385,605960.2
5996,43,615799.3990776739,615761.77
6025,43,646831.7626539614,642828.62
6041,43,604224.372360546,572516.57
6082,43,605498.541197941,598234.64
6005,43,603715.6767395244,585028.26
6037,43,578173.1901060593,555183.72
6045,43,648096.3165993178,628115.61
5981,43,665177.2600469937,693058.34
5968,43,677122.6402511008,672062.08
5987,43,662027.7228330277,699852.68
6042,43,652305.0425037963,635650.98
6035,43,616852.994598026,618877.13
5971,43,695122.390482234,700009.77
5992,43,608448.252131369,633520.34
6044,43,629944.8802491232,615975.5
6074,43,610308.666932969,613270.79
6050,43,530613.2610217539,505405.85
6011,43,667475.9726694027,651521.77
5994,43,646409.4707431945,645386.94
5985,43,694056.5429237406,722120.04
6051,43,606704.4690415915,605078.62
6021,43,628698.0440734992,649148.74
6049,43,686475.6519088049,676290.46
5969,43,632124.9163147588,630315.76
5980,43,630191.6039737578,655284.69
6017,43,613280.4090785042,605956.59
6061,43,594222.7848489167,610940.94
6067,43,640681.1773330985,642614.89
6018,43,672316.9486367333,684655.91
6172,44,307647.1987797173,295339.01
6210,44,328382.6718979257,334042.43
6125,44,284559.05852215487,279364.13
6099,44,252611.6964094185,264214.12
6219,44,331945.9227843034,336479.49
6139,44,348311.50980164995,365098.24
6108,44,274137.5421090615,270516.84
6138,44,282035.6717905049,278646.35
6167,44,318819.9189760177,312577.36
6183,44,305945.8293547368,306336.07
6224,44,335147.7825916204,337985.74
6147,44,292138.25908825,284309.34
6179,44,304400.4125564118,299757.75
6187,44,309852.83251089824,310531.04
6123,44,256084.31922629484,257361.3
6110,44,269281.8354372019,267065.35
6129,44,274812.49374911824,268708.43
6184,44,308192.3684752976,307486.73
6177,44,306415.6053907971,303974.28
6113,44,288739.7375337243,293481.36
6134,44,301698.5639859146,307646.5
6186,44,312151.7784401983,312233.56
6216,44,328349.0816233839,336241.0
6192,44,269770.0314043431,263917.85
6153,44,297252.23260357376,293953.08
6136,44,272120.8042857692,272190.83
6127,44,293022.8886346185,283455.13
6193,44,331084.8716118335,323410.94
6163,44,293179.13027371775,299354.67
6191,44,359887.0321076899,376233.89
6111,44,289235.9352527509,291891.01
6122,44,291903.4643796212,293155.08
6159,44,312065.94128472556,298080.45
6203,44,297129.1109966233,296947.06
6209,44,333636.6677688887,337390.44
6160,44,307881.88347752066,307095.31
6314,45,772295.4205216406,768718.11
6352,45,806377.2040823908,800842.28
6267,45,739786.4897706475,716987.58
6241,45,899496.7003584891,879244.9
6361,45,730632.432463246,749817.08
6281,45,1360282.1612529228,1682862.03
6250,45,774573.2272562662,764014.06
6280,45,1028685.6562308008,1123282.85
6309,45,783338.3704620769,753447.05
6325,45,795899.6399956492,781694.57
6366,45,712437.9287618153,718232.26
6289,45,863155.3000125437,875699.81
6321,45,721024.8325385631,698986.34
6329,45,778662.3516879902,773603.77
6265,45,815991.4321426881,833782.7
6252,45,738984.7250440234,747888.25
6271,45,727576.0254288161,715263.3
6326,45,806749.6653335742,766456.0
6319,45,713811.9185478844,711367.56
6255,45,783870.9160648541,815130.5
6276,45,1107994.7067357162,1182500.16
6328,45,831292.4938078634,808624.82
6358,45,793320.0199468575,822569.16
6334,45,803101.753243801,869403.63
6295,45,803450.3160879714,759442.33
6278,45,732956.573355963,765687.42
6269,45,784132.9346425557,721460.22
6335,45,736939.7631621854,837144.63
6305,45,802796.7893965171,810150.64
6333,45,1289238.6531961202,1521957.99
6253,45,768159.2791357914,801098.43
6264,45,744821.5725779063,721744.33
6301,45,766175.6412103225,765996.92
6345,45,780283.0359502696,791835.37
6351,45,764425.2429155756,733455.07
6302,45,791402.9959856448,793889.1
